{
	"displayName": "HTML Preview",
	"description": "Provides ability to preview HTML documents.",
	"html.preview.doubleClickToSwitchToEditor.desc": "Double click in the html preview to switch to the editor.",
	"html.preview.markEditorSelection.desc": "Mark the current editor selection in the html preview.",
	"html.preview.scrollEditorWithPreview.desc": "When a html preview is scrolled, update the view of the editor.",
	"html.preview.scrollPreviewWithEditor.desc": "When a html editor is scrolled, update the view of the preview.",
	"html.preview.title" : "Open Preview",
	"html.previewSide.title" : "Open Preview to the Side",
	"html.showLockedPreviewToSide.title": "Open Locked Preview to the Side",
	"html.showSource.title" : "Show Source",
	"html.showPreviewSecuritySelector.title": "Change Preview Security Settings",
	"html.trace.desc": "Enable debug logging for the html extension.",
	"html.preview.refresh.title": "Refresh Preview",
	"html.preview.toggleLock.title": "Toggle Preview Locking",
	"html.openBaseStyle.title": "Edit Preview Style",
	"html.showInBrowser.title": "Show in Browser"
}
