{
	"$schema": "http://json-schema.org/draft-07/schema#",
	"title": "RemoteHub contributions to package.json",
	"type": "object",
	"properties": {
		"contributes": {
			"type": "object",
			"properties": {
				"virtualWorkspaces": {
					"type": "object",
					"description": "Contributes to virtual workspaces.",
					"properties": {
						"menus": {
							"type": "object",
							"description": "Contributes menu items to the specified virtual workspace menu contribution point.",
							"properties": {
								"continueOn": {
									"type": "array",
									"description": "Contributes menu items to the virtual workspace's 'Continue On' quick pick menu.",
									"items": {
										"type": "object",
										"description": "Menu item",
										"required": ["command"],
										"properties": {
											"command": {
												"type": "string",
												"description": "Identifier of the command to execute. The command must be declared in the 'commands'-section."
											},
											"group": {
												"type": "string",
												"description": "(Optional) Group into which this item belongs."
											}
										}
									}
								}
							}
						},
						"providers": {
							"type": "array",
							"description": "The ID(s) of the repository provider(s) that this extension contributes."
						}
					}
				}
			}
		}
	}
}
