{
	"displayName": "Depoları Sil",
	"description": "Git depolarına uzaktan göz at ve düzenle",
	"colors.added": "Eklenen kaynakların rengi",
	"colors.modified": "Değiştirilen kaynakların rengi",
	"colors.deleted": "Silinen kaynakların rengi",
	"colors.conflict": "Çakışmaları olan kaynakların rengi",
	"colors.incomingAdded": "Gelen eklenen kaynakların rengi",
	"colors.incomingModified": "Gelen değiştirilen kaynakların rengi",
	"colors.incomingDeleted": "Gelen silinen kaynakların rengi",
	"colors.incomingRenamed": "Gelen yeniden adlandırılan kaynakların rengi",
	"colors.possibleConflict": "Olası çakışmalara sahip kaynaklar için renk",
	"colors.workspaceRepositoriesView.hasUncommittedChanges": "Taahhüt edilmemiş değişikliklere sahip çalışma alanı havuzları için renk",
	"config.commitDirectlyWarning": "Değişikliklerin doğrudan uzak sağlayıcıda (ör. GitHub) işleneceğini bildiren uyarının gösterilip gösterilmeyeceğini belirtir",
	"config.commitDirectlyWarning.off": "İşleme uyarısını devre dışı bırak",
	"config.commitDirectlyWarning.auto": "İlk işlemeye kadar uyarır",
	"config.commitDirectlyWarning.always": "Her zaman uyarır",
	"config.logLevel": "_Remote Repositories_ çıkış kanalına ne kadar (varsa) günlük kaydedileceğini belirtir",
	"config.logLevel.off": "Hiçbir şeyi günlüğe kaydetmez",
	"config.logLevel.error": "Yalnızca hataları günlüğe kaydeder",
	"config.logLevel.warn": "Tüm hataları ve uyarıları kaydeder",
	"config.logLevel.info": "Tüm hataları, uyarıları ve iletileri günlüğe kaydeder",
	"config.logLevel.debug": "Hata ayıklama için yararlı ek bağlamla birlikte tüm hataları, uyarıları ve iletileri günlüğe kaydeder",
	"config.richNavigation.enabled": "Depo dizine alınmışsa zengin gezintinin etkinleştirilip etkinleştirilmeyeceğini belirtir",
	"config.richNavigation.indexMode": "Dallar için varsayılan dizin davranışını denetler.",
	"config.richNavigation.indexMode.none": "Zengin Gezinti dizini kullanma dallar için devre dışı bırakıldı",
	"config.richNavigation.indexMode.latest": "Dalın dizine alınmış en son işlemesinde Zengin Gezintiyi etkinleştirir. Dosyalar salt okunur olacaktır.",
	"config.richNavigation.indexMode.tipPlusLatest": "En son dizini kullanarak geçerli taahhütte Zengin Gezinmeyi etkinleştirir. Dosyalar yazılabilir olacaktır.",
	"config.staging.enabled": "Taahhüt etmeden önce değişikliklerin aşamalandırılmasının etkinleştirilip etkinleştirilmeyeceğini belirtir",
	"config.staging.smart": "Commit işleminden önce tüm değişikliklerin (yoksa) otomatik olarak hazırlanıp hazırlanmayacağını belirtir",
	"config.experimental.useDiffMatchPatch": "Dosya farkları oluşturulurken gelişmiş performans için fark eşleştirme düzeltme eki kitaplığının kullanılıp kullanılmayacağını belirtir.",
	"config.uncommittedChangesOnEntry": "Halihazırda taahhüt edilmemiş değişiklikler içeren bir çalışma alanına yeniden girildiğinde ne yapılacağını belirtir.",
	"config.uncommittedChangesOnEntry.none": "İstem görüntüleme",
	"config.uncommittedChangesOnEntry.promptIfBehind": "Gelen değişiklikler ve işlenmemiş değişiklikler olduğunda bir istem görüntüle",
	"config.gitProtocol": "Bir depoyu kopyalamak için hangi protokolün kullanıldığını denetler",
	"commands.openRepository": "Uzak Depoyu Aç...",
	"commands.continueOn.openRepository": "Uzak Depoyu Aç...",
	"commands.addRepositoryToWorkspace": "Çalışma Alanına Depo Ekle...",
	"commands.continueOn.addRepositoryToWorkspace": "GitHub Deposunu Çalışma Alanına Ekle...",
	"commands.goToRepository": "Depoya Git",
	"commands.openOnRemote": "GitHub'da Aç",
	"commands.continueOn": "Üzerinde Çalışmaya Devam Et...",
	"commands.openOnDesktop": "Masaüstünde Yeniden Aç",
	"commands.openOnWeb": "Open on the Web",
	"commands.continueEditSession.openOnWeb": "Open on the Web",
	"commands.applyPatch": "Değişiklikleri İçeri Aktar...",
	"commands.exportPatch": "Değişiklikleri Dışarı Aktar...",
	"commands.clone": "Depoyu Yerel Olarak Kopyala ve Masaüstünde Aç...",
	"commands.createBranch": "Yeni Dal Oluştur...",
	"commands.createBranchFrom": "Şuradan Yeni Şube Oluştur...",
	"commands.fetch": "Getir",
	"commands.pull": "Çek",
	"commands.refresh": "Yenile",
	"commands.switchToBranch": "Dala Geç...",
	"commands.sync": "Çek (Çek ve Gönder)",
	"commands.deleteAllLocalRepositoryData": "Tüm Depo Dizinlerini Sil",
	"commands.deleteLocalRepositoryData": "Depo Dizinini Sil...",
	"commands.commit": "İşle ve İlet",
	"commands.commitEmpty": "Boş İşle ve Gönder",
	"commands.discardAllChanges": "Tüm Değişiklikleri At",
	"commands.discardChanges": "Değişiklikleri At",
	"commands.stageAllChanges": "Tüm Değişiklikleri Hazırla",
	"commands.stageChanges": "Değişiklikleri Hazırla",
	"commands.unstageAllChanges": "Tüm Değişikliklerin Hazırlamasını Geri Al",
	"commands.unstageChanges": "Değişikliklerin Hazırlamasını Geri Al",
	"commands.keepChanges": "Değişiklikleri Koru",
	"commands.openChanges": "Değişiklikleri Aç",
	"commands.openFile": "Dosya Aç",
	"commands.createPullRequest": "Çekme İsteği Oluştur",
	"commands.createDraftPullRequest": "Taslak Çekme İsteği Oluştur",
	"commands.configureIndexingAllowedRepos": "Depoları Dizine Almayı Yapılandır",
	"commands.enableIndexing": "Depo Dizini Oluşturmayı Etkinleştir",
	"commands.disableIndexingForSession": "Dizin Oluşturmayı Geçici Olarak Devre Dışı Bırak",
	"commands.notebook.continueOn": "Üzerinde Çalışmaya Devam Et...",
	"commands.timeline.openDiff": "Değişiklikleri Aç",
	"commands.timeline.openOnGitHub": "GitHub'da Aç",
	"commands.timeline.openOnAzureRepos": "Azure Repos’ta Aç",
	"commands.timeline.copyCommitId": "Commit Kimliğini Kopyala",
	"commands.timeline.copyCommitMessage": "Commit İletisini Kopyala",
	"commands.timeline.selectForCompare": "Karşılaştırma için Seçin",
	"commands.timeline.compareWithSelected": "Seçilenle Karşılaştır",
	"commands.enableDebugLogging": "Hata Ayıklama Günlüğünü Etkinleştir",
	"commands.disableDebugLogging": "Hata Ayıklama Günlüğünü Devre Dışı Bırak",
	"commands.exportDebugInfo": "Hata Ayıklama Bilgilerini Dışarı Aktar",
	"commands.views.workspaceRepositories.open": "Çalışma Alanını Aç",
	"commands.views.workspaceRepositories.openInNewWindow": "Çalışma Alanını Yeni Pencerede Aç",
	"commands.views.workspaceRepositories.openChanges": "Değişiklikleri Aç",
	"commands.views.workspaceRepositories.openFile": "Dosya Aç",
	"commands.views.workspaceRepositories.applyAllChanges": "Tüm Değişiklikleri Uygula",
	"commands.views.workspaceRepositories.applyChanges": "Değişiklikleri Uygula",
	"commands.views.workspaceRepositories.remove": "Kaldır",
	"commands.remoteHelp.getStarted": "Kullanmaya Başlayın",
	"commands.category": "Uzak Depolar",
	"submenu.branch": "Dal",
	"submenu.changes": "Değişiklikler",
	"submenu.commit": "İşle",
	"submenu.patch": "İçeri / Dışarı Aktarma",
	"submenu.pullRequest": "Çekme İsteği",
	"views.remote.name": "Uzak Depolar",
	"viewsWelcome.explorer": "Bir depoyu veya çekme isteğini kopyalamadan uzaktan açabilirsiniz.\r\n[Uzak Depoyu Aç](command:remoteHub.openRepository)",
	"viewsWelcome.explorer.web": "Bir depoyu veya açma isteğini uzaktan açabilirsiniz.\r\n[Uzak Depoyu Aç](command:remoteHub.openRepository)",
	"viewsWelcome.scm.web": "Bir depoyu veya açma isteğini uzaktan açabilirsiniz.\r\n[Uzak Depoyu Aç](command:remoteHub.openRepository)",
	"viewsWelcome.debug": "Çalıştırma ve Hata Ayıklama web düzenleyicisinde kullanılamaz. Çalıştırmak ve hata ayıklamak için codespace veya yerel VS Kodu gibi kod çalıştıran bir ortamda devam etmeniz gerekir.",
	"viewsWelcome.debug.continueOn": "[Üzerinde Çalışmaya Devam Et...](command:remoteHub.continueOn 'Başka bir yerde bu Uzak depo üzerinde çalışmaya devam et')",
	"viewsWelcome.terminal": "Terminaller web düzenleyicisinde kullanılamaz. Terminali kullanmak için kod alanı veya yerel VS Kodu gibi kod çalıştırabilen bir ortamda devam etmeniz gerekir.",
	"viewsWelcome.terminal.continueOn": "[Üzerinde Çalışmaya Devam Et...](command:remoteHub.continueOn 'Başka bir yerde bu Uzak depo üzerinde çalışmaya devam et')",
	"viewsWelcome.remoteExplorer": "Yakın zamanda açılan uzak depolar burada görüntülenir.\r\n[Uzak Depoyu Aç](command:remoteHub.openRepository)"
}