{
	"displayName": "Repository remoti",
	"description": "Esplorare e modificare in remoto i repository GIT",
	"colors.added": "Colore delle risorse aggiunte",
	"colors.modified": "Colore delle risorse modificate",
	"colors.deleted": "Colore delle risorse eliminate",
	"colors.conflict": "Colore delle risorse con conflitti",
	"colors.incomingAdded": "Colore delle risorse aggiunte in ingresso",
	"colors.incomingModified": "Colore delle risorse modificate in ingresso",
	"colors.incomingDeleted": "Colore delle risorse eliminate in ingresso",
	"colors.incomingRenamed": "Colore delle risorse rinominate in ingresso",
	"colors.possibleConflict": "Colore delle risorse con possibili conflitti.",
	"colors.workspaceRepositoriesView.hasUncommittedChanges": "Colore per i repository dell'area di lavoro con modifiche di cui non è stato eseguito il commit",
	"config.commitDirectlyWarning": "Specifica se visualizzare un avviso che indica che verrà eseguito il commit delle modifiche direttamente nel provider remoto (ad es. GitHub)",
	"config.commitDirectlyWarning.off": "Disabilita l'avviso di commit",
	"config.commitDirectlyWarning.auto": "Avvisa fino al primo commit",
	"config.commitDirectlyWarning.always": "Avvisa sempre",
	"config.logLevel": "Specifica la quantità (se disponibile) di registrazione nel canale di output _Remote Repositories_",
	"config.logLevel.off": "Non registra nulla",
	"config.logLevel.error": "Registra solo gli errori",
	"config.logLevel.warn": "Registra tutti gli errori e gli avvisi",
	"config.logLevel.info": "Registra tutti gli errori, gli avvisi e i messaggi",
	"config.logLevel.debug": "Registra tutti gli errori, gli avvisi e i messaggi con contesto aggiuntivo utile per il debug",
	"config.richNavigation.enabled": "Specifica se abilitare l'esplorazione avanzata se il repository è indicizzato",
	"config.richNavigation.indexMode": "Controlla il comportamento predefinito dell'indice per i rami.",
	"config.richNavigation.indexMode.none": "L'uso di un indice di esplorazione avanzata è disabilitato per i rami",
	"config.richNavigation.indexMode.latest": "Abilita l'esplorazione avanzata nel commit indicizzato più recente di un ramo. I file saranno di sola lettura.",
	"config.richNavigation.indexMode.tipPlusLatest": "Abilita l'esplorazione avanzata nel commit corrente usando l'indice più recente. I file saranno scrivibili.",
	"config.staging.enabled": "Specifica se abilitare lo staging delle modifiche prima del commit",
	"config.staging.smart": "Specifica se preparare automaticamente per il commit tutte le modifiche, se non ve ne sono, prima del commit",
	"config.experimental.useDiffMatchPatch": "Specifica se utilizzare la libreria diff-match-patch per migliorare le prestazioni durante la generazione delle differenze di file.",
	"config.uncommittedChangesOnEntry": "Specifica l'operazione da eseguire quando si immette nuovamente un'area di lavoro che contiene già modifiche di cui non è stato eseguito il commit.",
	"config.uncommittedChangesOnEntry.none": "Non visualizzare un prompt",
	"config.uncommittedChangesOnEntry.promptIfBehind": "Visualizza un prompt quando sono presenti modifiche in ingresso e modifiche di cui non è stato eseguito il commit",
	"config.gitProtocol": "Controlla il protocollo usato per clonare un repository",
	"commands.openRepository": "Apri repository remoto...",
	"commands.continueOn.openRepository": "Apri repository remoto...",
	"commands.addRepositoryToWorkspace": "Aggiungi repository all'area di lavoro...",
	"commands.continueOn.addRepositoryToWorkspace": "Aggiungi repository GitHub all'area di lavoro...",
	"commands.goToRepository": "Vai al repository",
	"commands.openOnRemote": "Apri in GitHub",
	"commands.continueOn": "Continua a lavorare su...",
	"commands.openOnDesktop": "Riapri sul desktop",
	"commands.openOnWeb": "Open on the Web",
	"commands.continueEditSession.openOnWeb": "Open on the Web",
	"commands.applyPatch": "Importa modifiche...",
	"commands.exportPatch": "Esporta modifiche...",
	"commands.clone": "Clona repository in locale e apri sul desktop...",
	"commands.createBranch": "Crea nuovo ramo...",
	"commands.createBranchFrom": "Crea nuovo ramo da...",
	"commands.fetch": "Recupera",
	"commands.pull": "Pull",
	"commands.refresh": "Aggiornare",
	"commands.switchToBranch": "Passa al ramo...",
	"commands.sync": "Sincronizzazione (pull e push)",
	"commands.deleteAllLocalRepositoryData": "Elimina tutti gli indici del repository",
	"commands.deleteLocalRepositoryData": "Elimina indice repository",
	"commands.commit": "Commit e push",
	"commands.commitEmpty": "Commit vuoto e push",
	"commands.discardAllChanges": "Rimuovi tutte le modifiche",
	"commands.discardChanges": "Rimuovi modifiche",
	"commands.stageAllChanges": "Prepara tutte le modifiche per il commit",
	"commands.stageChanges": "Prepara modifiche per commit",
	"commands.unstageAllChanges": "Annulla preparazione di tutte le modifiche per commit",
	"commands.unstageChanges": "Annulla preparazione modifiche per commit",
	"commands.keepChanges": "Mantieni modifiche",
	"commands.openChanges": "Apri modifiche",
	"commands.openFile": "Apri file",
	"commands.createPullRequest": "Crea una richiesta pull",
	"commands.createDraftPullRequest": "Crea una bozza di richiesta pull",
	"commands.configureIndexingAllowedRepos": "Configura l’indicizzazione dei repository",
	"commands.enableIndexing": "Abilita l’indicizzazione del repository",
	"commands.disableIndexingForSession": "Disabilita temporaneamente l'indicizzazione",
	"commands.notebook.continueOn": "Continua a lavorare su...",
	"commands.timeline.openDiff": "Apri modifiche",
	"commands.timeline.openOnGitHub": "Apri in GitHub",
	"commands.timeline.openOnAzureRepos": "Apri in Azure Repos",
	"commands.timeline.copyCommitId": "Copia ID commit",
	"commands.timeline.copyCommitMessage": "Copia messaggio di commit",
	"commands.timeline.selectForCompare": "Seleziona per confronto",
	"commands.timeline.compareWithSelected": "Confronta con selezionati",
	"commands.enableDebugLogging": "Abilita registrazione debug",
	"commands.disableDebugLogging": "Disabilita registrazione debug",
	"commands.exportDebugInfo": "Esporta informazioni di debug",
	"commands.views.workspaceRepositories.open": "Apri area di lavoro",
	"commands.views.workspaceRepositories.openInNewWindow": "Apri area di lavoro in una nuova finestra",
	"commands.views.workspaceRepositories.openChanges": "Apri modifiche",
	"commands.views.workspaceRepositories.openFile": "Apri file",
	"commands.views.workspaceRepositories.applyAllChanges": "Applica tutte le modifiche",
	"commands.views.workspaceRepositories.applyChanges": "Applica modifiche",
	"commands.views.workspaceRepositories.remove": "Rimuovi",
	"commands.remoteHelp.getStarted": "Introduzione",
	"commands.category": "Repository remoti",
	"submenu.branch": "Ramo",
	"submenu.changes": "Modifiche",
	"submenu.commit": "Commit",
	"submenu.patch": "Importazione / Esportazione",
	"submenu.pullRequest": "Richiesta pull",
	"views.remote.name": "Repository remoti",
	"viewsWelcome.explorer": "È possibile aprire in remoto un repository o una richiesta pull senza clonazione.\r\n[Apri repository remoto](command:remoteHub.openRepository)",
	"viewsWelcome.explorer.web": "È possibile aprire in remoto un repository o una richiesta pull.\r\n[Apri repository remoto](command:remoteHub.openRepository)",
	"viewsWelcome.scm.web": "È possibile aprire in remoto un repository o una richiesta pull.\r\n[Apri repository remoto](command:remoteHub.openRepository)",
	"viewsWelcome.debug": "Esecuzione e debug non disponibili nell'editor Web. Per eseguire e fare il debug, è necessario continuare in un ambiente in grado di eseguire codice, ad esempio un codespace o un VS Code locale.",
	"viewsWelcome.debug.continueOn": "[Continua a lavorare su...](command:remoteHub.continueOn 'Continua a lavorare su questo repository remoto altrove')",
	"viewsWelcome.terminal": "Terminali non disponibili nell'editor Web. Per usare il terminale, è necessario continuare in un ambiente in grado di eseguire codice, ad esempio un codespace o un VS Code locale.",
	"viewsWelcome.terminal.continueOn": "[Continua a lavorare su...](command:remoteHub.continueOn 'Continua a lavorare su questo repository remoto altrove')",
	"viewsWelcome.remoteExplorer": "I repository remoti aperti di recente vengono visualizzati qui.\r\n[Apri repository remoto](command:remoteHub.openRepository)"
}