{
	"displayName": "Rëmøtë Rëpøsïtørïës",
	"description": "Rëmøtëlÿ þrøwsë æñð ëðït gït rëpøsïtørïës",
	"colors.added": "Çølør før æððëð rësøµrçës",
	"colors.modified": "Çølør før møðïfïëð rësøµrçës",
	"colors.deleted": "Çølør før ðëlëtëð rësøµrçës",
	"colors.conflict": "Çølør før rësøµrçës wïth çøñflïçts",
	"colors.incomingAdded": "Çølør før ïñçømïñg æððëð rësøµrçës",
	"colors.incomingModified": "Çølør før ïñçømïñg møðïfïëð rësøµrçës",
	"colors.incomingDeleted": "Çølør før ïñçømïñg ðëlëtëð rësøµrçës",
	"colors.incomingRenamed": "Çølør før ïñçømïñg rëñæmëð rësøµrçës",
	"colors.possibleConflict": "Çølør før rësøµrçës wïth pøssïþlë çøñflïçts",
	"colors.workspaceRepositoriesView.hasUncommittedChanges": "Çølør før wørkspæçë rëpøsïtørïës thæt hævë µñçømmïttëð çhæñgës",
	"config.commitDirectlyWarning": "§pëçïfïës whëthër tø shøw æ wærñïñg thæt çhæñgës wïll þë çømmïttëð ðïrëçtlÿ tø thë rëmøtë prøvïðër (ë.g. GïtHµþ)",
	"config.commitDirectlyWarning.off": "Ðïsæþlës thë çømmït wærñïñg",
	"config.commitDirectlyWarning.auto": "Wærñs µñtïl thë fïrst çømmït",
	"config.commitDirectlyWarning.always": "Ælwæÿs wærñs",
	"config.logLevel": "§pëçïfïës høw mµçh (ïf æñÿ) tø løg tø thë _Rëmøtë Rëpøsïtørïës_ øµtpµt çhæññël",
	"config.logLevel.off": "£øgs ñøthïñg",
	"config.logLevel.error": "£øgs øñlÿ ërrørs",
	"config.logLevel.warn": "£øgs æll ërrørs æñð wærñïñgs",
	"config.logLevel.info": "£øgs æll ërrørs, wærñïñgs, æñð mëssægës",
	"config.logLevel.debug": "£øgs æll ërrørs, wærñïñgs, æñð mëssægës wïth ëxtræ çøñtëxt µsëfµl før ðëþµggïñg",
	"config.richNavigation.enabled": "§pëçïfïës whëthër tø ëñæþlë rïçh ñævïgætïøñ ïf thë rëpøsïtørÿ ïs ïñðëxëð",
	"config.richNavigation.indexMode": "Çøñtrøls thë ðëfæµlt ïñðëx þëhævïør før þræñçhës.",
	"config.richNavigation.indexMode.none": "Üsïñg æñ Rïçh Ñævïgætïøñ ïñðëx ïs ðïsæþlëð før þræñçhës",
	"config.richNavigation.indexMode.latest": "Ëñæþlës Rïçh Ñævïgætïøñ øñ thë lætëst ïñðëxëð çømmït øf æ þræñçh. Thë fïlës wïll þë rëæð øñlÿ.",
	"config.richNavigation.indexMode.tipPlusLatest": "Ëñæþlës Rïçh Ñævïgætïøñ øñ thë çµrrëñt çømmït µsïñg thë lætëst ïñðëx. Thë fïlës wïll þë wrïtæþlë.",
	"config.staging.enabled": "§pëçïfïës whëthër tø ëñæþlë thë stægïñg øf çhæñgës þëførë çømmïttïñg",
	"config.staging.smart": "§pëçïfïës whëthër tø æµtømætïçællÿ stægë æll çhæñgës, ïf thërë ærë ñøñë, þëførë çømmïttïñg",
	"config.experimental.useDiffMatchPatch": "§pëçïfïës whëthër tø µsë thë ðïff-mætçh-pætçh lïþrærÿ før ïmprøvëð përførmæñçë whëñ gëñërætïñg fïlë ðïffs.",
	"config.uncommittedChangesOnEntry": "§pëçïfïës whæt tø ðø whëñ rë-ëñtërïñg æ wørkspæçë whïçh ælrëæðÿ çøñtæïñs µñçømmïttëð çhæñgës.",
	"config.uncommittedChangesOnEntry.none": "Ðø ñøt ðïsplæÿ æ prømpt",
	"config.uncommittedChangesOnEntry.promptIfBehind": "Ðïsplæÿ æ prømpt whëñ thërë ærë ïñçømïñg çhæñgës æs wëll æs µñçømmïttëð çhæñgës",
	"config.gitProtocol": "Çøñtrøls whïçh prøtøçøl ïs µsëð tø çløñë æ rëpøsïtørÿ",
	"commands.openRepository": "Øpëñ Rëmøtë Rëpøsïtørÿ...",
	"commands.continueOn.openRepository": "Øpëñ Rëmøtë Rëpøsïtørÿ...",
	"commands.addRepositoryToWorkspace": "Æðð Rëpøsïtørÿ tø Wørkspæçë...",
	"commands.continueOn.addRepositoryToWorkspace": "Æðð GïtHµþ Rëpøsïtørÿ tø Wørkspæçë...",
	"commands.goToRepository": "Gø tø Rëpøsïtørÿ",
	"commands.openOnRemote": "Øpëñ øñ GïtHµþ",
	"commands.continueOn": "Çøñtïñµë Wørkïñg Øñ...",
	"commands.openOnDesktop": "Rëøpëñ øñ thë Ðësktøp",
	"commands.openOnWeb": "Øpëñ øñ thë Wëþ",
	"commands.continueEditSession.openOnWeb": "Øpëñ øñ thë Wëþ",
	"commands.applyPatch": "Ïmpørt Çhæñgës...",
	"commands.exportPatch": "Ëxpørt Çhæñgës...",
	"commands.clone": "Çløñë Rëpøsïtørÿ £øçællÿ æñð Øpëñ øñ Ðësktøp...",
	"commands.createBranch": "Çrëætë Ñëw ßræñçh...",
	"commands.createBranchFrom": "Çrëætë Ñëw ßræñçh frøm...",
	"commands.fetch": "Fëtçh",
	"commands.pull": "Pµll",
	"commands.refresh": "Rëfrësh",
	"commands.switchToBranch": "§wïtçh tø ßræñçh...",
	"commands.sync": "§ÿñç (Pµll & Pµsh)",
	"commands.deleteAllLocalRepositoryData": "Ðëlëtë Æll Rëpøsïtørÿ Ïñðëxës",
	"commands.deleteLocalRepositoryData": "Ðëlëtë Rëpøsïtørÿ Ïñðëx...",
	"commands.commit": "Çømmït æñð Pµsh",
	"commands.commitEmpty": "Çømmït Ëmptÿ æñð Pµsh",
	"commands.discardAllChanges": "Ðïsçærð Æll Çhæñgës",
	"commands.discardChanges": "Ðïsçærð Çhæñgës",
	"commands.stageAllChanges": "§tægë Æll Çhæñgës",
	"commands.stageChanges": "§tægë Çhæñgës",
	"commands.unstageAllChanges": "Üñstægë Æll Çhæñgës",
	"commands.unstageChanges": "Üñstægë Çhæñgës",
	"commands.keepChanges": "Këëp Çhæñgës",
	"commands.openChanges": "Øpëñ Çhæñgës",
	"commands.openFile": "Øpëñ Fïlë",
	"commands.createPullRequest": "Çrëætë æ Pµll Rëqµëst",
	"commands.createDraftPullRequest": "Çrëætë æ Ðræft Pµll Rëqµëst",
	"commands.configureIndexingAllowedRepos": "Çøñfïgµrë Ïñðëxïñg øf Rëpøsïtørïës",
	"commands.enableIndexing": "Ëñæþlë Rëpøsïtørÿ Ïñðëxïñg",
	"commands.disableIndexingForSession": "Tëmpørærïlÿ Ðïsæþlë Ïñðëxïñg",
	"commands.notebook.continueOn": "Çøñtïñµë Wørkïñg Øñ...",
	"commands.timeline.openDiff": "Øpëñ Çhæñgës",
	"commands.timeline.openOnGitHub": "Øpëñ øñ GïtHµþ",
	"commands.timeline.openOnAzureRepos": "Øpëñ øñ Æzµrë Rëpøs",
	"commands.timeline.copyCommitId": "Çøpÿ Çømmït ÏÐ",
	"commands.timeline.copyCommitMessage": "Çøpÿ Çømmït Mëssægë",
	"commands.timeline.selectForCompare": "§ëlëçt før Çømpærë",
	"commands.timeline.compareWithSelected": "Çømpærë wïth §ëlëçtëð",
	"commands.enableDebugLogging": "Ëñæþlë Ðëþµg £øggïñg",
	"commands.disableDebugLogging": "Ðïsæþlë Ðëþµg £øggïñg",
	"commands.exportDebugInfo": "Ëxpørt Ðëþµg Ïñførmætïøñ",
	"commands.views.workspaceRepositories.open": "Øpëñ Wørkspæçë",
	"commands.views.workspaceRepositories.openInNewWindow": "Øpëñ Wørkspæçë ïñ Ñëw Wïñðøw",
	"commands.views.workspaceRepositories.openChanges": "Øpëñ Çhæñgës",
	"commands.views.workspaceRepositories.openFile": "Øpëñ Fïlë",
	"commands.views.workspaceRepositories.applyAllChanges": "Æpplÿ Æll Çhæñgës",
	"commands.views.workspaceRepositories.applyChanges": "Æpplÿ Çhæñgës",
	"commands.views.workspaceRepositories.remove": "Rëmøvë",
	"commands.remoteHelp.getStarted": "Gët §tærtëð",
	"commands.category": "Rëmøtë Rëpøsïtørïës",
	"submenu.branch": "ßræñçh",
	"submenu.changes": "Çhæñgës",
	"submenu.commit": "Çømmït",
	"submenu.patch": "Ïmpørt / Ëxpørt",
	"submenu.pullRequest": "Pµll Rëqµëst",
	"views.remote.name": "Rëmøtë Rëpøsïtørïës",
	"viewsWelcome.explorer": "Ýøµ çæñ rëmøtëlÿ øpëñ æ rëpøsïtørÿ ør pµll rëqµëst wïthøµt çløñïñg.\r\n[Øpëñ Rëmøtë Rëpøsïtørÿ](command:remoteHub.openRepository)",
	"viewsWelcome.explorer.web": "Ýøµ çæñ rëmøtëlÿ øpëñ æ rëpøsïtørÿ ør pµll rëqµëst.\r\n[Øpëñ Rëmøtë Rëpøsïtørÿ](command:remoteHub.openRepository)",
	"viewsWelcome.scm.web": "Ýøµ çæñ rëmøtëlÿ øpëñ æ rëpøsïtørÿ ør pµll rëqµëst.\r\n[Øpëñ Rëmøtë Rëpøsïtørÿ](command:remoteHub.openRepository)",
	"viewsWelcome.debug": "Rµñ æñð Ðëþµg ærë ñøt ævæïlæþlë ïñ thë wëþ ëðïtør. Tø rµñ æñð ðëþµg, ÿøµ wïll ñëëð tø çøñtïñµë ïñ æñ ëñvïrøñmëñt thæt çæñ rµñ çøðë, lïkë æ çøðëspæçë ør løçæl V§ Çøðë.",
	"viewsWelcome.debug.continueOn": "[Çøñtïñµë Wørkïñg Øñ...](command:remoteHub.continueOn 'Çøñtïñµë wørkïñg øñ thïs Rëmøtë rëpøsïtørÿ ëlsëwhërë')",
	"viewsWelcome.terminal": "Tërmïñæls ærë ñøt ævæïlæþlë ïñ thë wëþ ëðïtør. Tø µsë thë tërmïñæl, ÿøµ wïll ñëëð tø çøñtïñµë ïñ æñ ëñvïrøñmëñt thæt çæñ rµñ çøðë, lïkë æ çøðëspæçë ør løçæl V§ Çøðë.",
	"viewsWelcome.terminal.continueOn": "[Çøñtïñµë Wørkïñg Øñ...](command:remoteHub.continueOn 'Çøñtïñµë wørkïñg øñ thïs Rëmøtë rëpøsïtørÿ ëlsëwhërë')",
	"viewsWelcome.remoteExplorer": "Ýøµr rëçëñtlÿ-øpëñëð rëmøtë rëpøsïtørïës ærë ðïsplæÿëð hërë.\r\n[Øpëñ Rëmøtë Rëpøsïtørÿ](command:remoteHub.openRepository)"
}