{
	"displayName": "Repositorios remotos",
	"description": "Examinar y editar repositorios GIT de forma remota",
	"colors.added": "Color de los recursos agregados",
	"colors.modified": "Color para recursos modificados",
	"colors.deleted": "Color de los recursos eliminados",
	"colors.conflict": "Color para los recursos con conflictos",
	"colors.incomingAdded": "Color de los recursos agregados entrantes",
	"colors.incomingModified": "Color de los recursos modificados entrantes",
	"colors.incomingDeleted": "Color de los recursos eliminados entrantes",
	"colors.incomingRenamed": "Color de los recursos entrantes a los que se ha cambiado el nombre",
	"colors.possibleConflict": "Color de los recursos con posibles conflictos",
	"colors.workspaceRepositoriesView.hasUncommittedChanges": "Color de los repositorios del área de trabajo que tienen cambios pendientes de confirmación",
	"config.commitDirectlyWarning": "Especifica si se muestra una advertencia de que los cambios se confirmarán directamente en el proveedor remoto (por ejemplo, GitHub)",
	"config.commitDirectlyWarning.off": "Deshabilita la advertencia de confirmación",
	"config.commitDirectlyWarning.auto": "Avisa hasta la primera confirmación",
	"config.commitDirectlyWarning.always": "Advertir siempre",
	"config.logLevel": "Especifica la cantidad (si la hay) que se va a registrar en el canal de salida _Remote Repositories_",
	"config.logLevel.off": "No registra nada",
	"config.logLevel.error": "Registra solo errores",
	"config.logLevel.warn": "Registra todos los errores y advertencias",
	"config.logLevel.info": "Registra todos los errores, advertencias y mensajes",
	"config.logLevel.debug": "Registra todos los errores, advertencias y mensajes con contexto adicional útil para la depuración",
	"config.richNavigation.enabled": "Especifica si se debe habilitar la navegación enriquecida si el repositorio está indexado.",
	"config.richNavigation.indexMode": "Controla el comportamiento de índice predeterminado para las ramas.",
	"config.richNavigation.indexMode.none": "El uso de un índice de navegación enriquecida está deshabilitado para las ramas",
	"config.richNavigation.indexMode.latest": "Habilita la navegación enriquecida en la última confirmación indizada de una rama. Los archivos serán de solo lectura.",
	"config.richNavigation.indexMode.tipPlusLatest": "Habilita la navegación enriquecida en la confirmación actual con el índice más reciente. Los archivos se podrán escribir.",
	"config.staging.enabled": "Especifica si se debe habilitar el almacenamiento provisional de cambios antes de confirmar",
	"config.staging.smart": "Especifica si se deben almacenar automáticamente todos los cambios provisionalmente, si no hay ninguno, antes de confirmar",
	"config.experimental.useDiffMatchPatch": "Especifica si se debe usar la biblioteca diff-match-patch para mejorar el rendimiento al generar diferencias de archivo.",
	"config.uncommittedChangesOnEntry": "Especifica qué hacer al volver a entrar en un área de trabajo que ya contiene cambios no confirmados.",
	"config.uncommittedChangesOnEntry.none": "No mostrar una solicitud",
	"config.uncommittedChangesOnEntry.promptIfBehind": "Mostrar un mensaje cuando haya cambios entrantes, así como cambios no confirmados",
	"config.gitProtocol": "Controla qué protocolo se usa para clonar un repositorio",
	"commands.openRepository": "Abrir repositorio remoto...",
	"commands.continueOn.openRepository": "Abrir repositorio remoto...",
	"commands.addRepositoryToWorkspace": "Agregar repositorio al área de trabajo...",
	"commands.continueOn.addRepositoryToWorkspace": "Agregar repositorio de GitHub al área de trabajo...",
	"commands.goToRepository": "Ir al repositorio",
	"commands.openOnRemote": "Abrir en GitHub",
	"commands.continueOn": "Continuar trabajando en...",
	"commands.openOnDesktop": "Volver a abrir en el escritorio",
	"commands.openOnWeb": "Open on the Web",
	"commands.continueEditSession.openOnWeb": "Open on the Web",
	"commands.applyPatch": "Importar cambios...",
	"commands.exportPatch": "Exportar cambios...",
	"commands.clone": "Clonar repositorio localmente y abrir en escritorio...",
	"commands.createBranch": "Crear nueva rama...",
	"commands.createBranchFrom": "Crear nueva rama a partir de...",
	"commands.fetch": "Recuperar cambios",
	"commands.pull": "Incorporar cambios",
	"commands.refresh": "Actualizar",
	"commands.switchToBranch": "Cambiar a rama...",
	"commands.sync": "Sincronización (extracción e inserción)",
	"commands.deleteAllLocalRepositoryData": "Eliminar todos los índices de repositorio",
	"commands.deleteLocalRepositoryData": "Eliminar índice de repositorio...",
	"commands.commit": "Confirmar e insertar",
	"commands.commitEmpty": "Confirmar vacío y enviar cambios",
	"commands.discardAllChanges": "Descartar todos los cambios",
	"commands.discardChanges": "Descartar cambios",
	"commands.stageAllChanges": "Almacenar provisionalmente todos los cambios",
	"commands.stageChanges": "Almacenar cambios provisionalmente",
	"commands.unstageAllChanges": "Cancelar almacenamiento provisional de todos los cambios",
	"commands.unstageChanges": "Cancelar almacenamiento provisional de los cambios",
	"commands.keepChanges": "Mantener cambios",
	"commands.openChanges": "Abrir cambios",
	"commands.openFile": "Abrir archivo",
	"commands.createPullRequest": "Crear una solicitud de incorporación de cambios",
	"commands.createDraftPullRequest": "Crear un borrador de solicitud de incorporación de cambios",
	"commands.configureIndexingAllowedRepos": "Configurar la indización de repositorios",
	"commands.enableIndexing": "Habilitar indización de repositorios",
	"commands.disableIndexingForSession": "Deshabilitar temporalmente la indización",
	"commands.notebook.continueOn": "Continuar trabajando en...",
	"commands.timeline.openDiff": "Abrir cambios",
	"commands.timeline.openOnGitHub": "Abrir en GitHub",
	"commands.timeline.openOnAzureRepos": "Abrir en Azure Repos",
	"commands.timeline.copyCommitId": "Copiar ID de confirmación",
	"commands.timeline.copyCommitMessage": "Copiar mensaje de confirmación",
	"commands.timeline.selectForCompare": "Seleccionar para comparar",
	"commands.timeline.compareWithSelected": "Comparar con seleccionados",
	"commands.enableDebugLogging": "Habilitar registro de depuración",
	"commands.disableDebugLogging": "Deshabilitar registro de depuración",
	"commands.exportDebugInfo": "Exportar información de depuración",
	"commands.views.workspaceRepositories.open": "Abrir área de trabajo",
	"commands.views.workspaceRepositories.openInNewWindow": "Abrir área de trabajo en nueva ventana",
	"commands.views.workspaceRepositories.openChanges": "Abrir cambios",
	"commands.views.workspaceRepositories.openFile": "Abrir archivo",
	"commands.views.workspaceRepositories.applyAllChanges": "Aplicar todos los cambios",
	"commands.views.workspaceRepositories.applyChanges": "Aplicar cambios",
	"commands.views.workspaceRepositories.remove": "Quitar",
	"commands.remoteHelp.getStarted": "Introducción",
	"commands.category": "Repositorios remotos",
	"submenu.branch": "Rama",
	"submenu.changes": "Cambios",
	"submenu.commit": "Confirmación",
	"submenu.patch": "Importar o exportar",
	"submenu.pullRequest": "Solicitud de incorporación de cambios",
	"views.remote.name": "Repositorios remotos",
	"viewsWelcome.explorer": "Puede abrir de forma remota un repositorio o una solicitud de incorporación de cambios sin clonación.\r\n[Abrir repositorio remoto](command:remoteHub.openRepository)",
	"viewsWelcome.explorer.web": "Puede abrir de forma remota un repositorio o una solicitud de incorporación de cambios.\r\n[Abrir repositorio remoto](command:remoteHub.openRepository)",
	"viewsWelcome.scm.web": "Puede abrir de forma remota un repositorio o una solicitud de incorporación de cambios.\r\n[Abrir repositorio remoto](command:remoteHub.openRepository)",
	"viewsWelcome.debug": "Ejecutar y Depurar no están disponibles en el editor web. Para ejecutar y depurar, debe continuar en un entorno que pueda ejecutar código, como un codespace o un VS Code local.",
	"viewsWelcome.debug.continueOn": "[Continuar trabajando en...](command:remoteHub.continueOn 'Continuar trabajando en este repositorio remoto en otro lugar')",
	"viewsWelcome.terminal": "Los terminales no están disponibles en el editor web. Para usar el terminal, deberá continuar en un entorno que pueda ejecutar código, como un codespace o un VS Code local.",
	"viewsWelcome.terminal.continueOn": "[Continuar trabajando en...](command:remoteHub.continueOn 'Continuar trabajando en este repositorio remoto en otro lugar')",
	"viewsWelcome.remoteExplorer": "Aquí se muestran los repositorios remotos abiertos recientemente.\r\n[Abrir repositorio remoto](command:remoteHub.openRepository)"
}