{
	"displayName": "Remoterepositorys",
	"description": "Remotesuche und -bearbeitung von Git-Repositorys",
	"colors.added": "Farbe für hinzugefügte Ressourcen",
	"colors.modified": "Farbe für geänderte Ressourcen",
	"colors.deleted": "Farbe für gelöschte Ressourcen.",
	"colors.conflict": "Farbe für Ressourcen mit Konflikten",
	"colors.incomingAdded": "Farbe für eingehende hinzugefügte Ressourcen",
	"colors.incomingModified": "Farbe für eingehende geänderte Ressourcen",
	"colors.incomingDeleted": "Farbe für eingehende gelöschte Ressourcen",
	"colors.incomingRenamed": "Farbe für eingehende umbenannte Ressourcen",
	"colors.possibleConflict": "Farbe für Ressourcen mit möglichen Konflikten",
	"colors.workspaceRepositoriesView.hasUncommittedChanges": "Farbe für Arbeitsbereichsrepositorys mit Änderungen ohne Commit",
	"config.commitDirectlyWarning": "Gibt an, ob eine Warnung angezeigt werden soll, dass Änderungen direkt an den Remoteanbieter committet werden (z. B. GitHub).",
	"config.commitDirectlyWarning.off": "Deaktiviert die Commitwarnung",
	"config.commitDirectlyWarning.auto": "Wird bis zum ersten Commit gewarnt",
	"config.commitDirectlyWarning.always": "Immer warnen",
	"config.logLevel": "Gibt an, wie viel (falls vorhanden) beim _Remote Repositories_ Ausgabekanal protokolliert werden soll.",
	"config.logLevel.off": "Protokolliert nichts",
	"config.logLevel.error": "Protokolliert nur Fehler",
	"config.logLevel.warn": "Protokolliert alle Fehler und Warnungen",
	"config.logLevel.info": "Protokolliert alle Fehler, Warnungen und Meldungen",
	"config.logLevel.debug": "Protokolliert alle Fehler, Warnungen und Meldungen mit zusätzlichem Kontext, der für das Debuggen nützlich ist.",
	"config.richNavigation.enabled": "Gibt an, ob Rich Navigation aktiviert werden soll, wenn das Repository indiziert ist.",
	"config.richNavigation.indexMode": "Steuert das Standardindexverhalten für Branches",
	"config.richNavigation.indexMode.none": "Die Verwendung eines Rich Navigation-Indexes ist für Branches deaktiviert.",
	"config.richNavigation.indexMode.latest": "Aktiviert Rich Navigation beim letzten indizierten Commit eines Branches. Die Dateien sind schreibgeschützt.",
	"config.richNavigation.indexMode.tipPlusLatest": "Aktiviert Rich Navigation für den aktuellen Commit mithilfe des neuesten Indexes. Die Dateien sind schreibbar.",
	"config.staging.enabled": "Gibt an, ob das Staging von Änderungen vor dem Committen aktiviert werden soll.",
	"config.staging.smart": "Gibt an, ob alle Änderungen vor dem Committen automatisch bereitgestellt werden sollen, wenn keine vorhanden sind.",
	"config.experimental.useDiffMatchPatch": "Gibt an, ob die Diff-Match-Patch-Bibliothek verwendet werden soll, um die Leistung beim Generieren von Dateiunterschieden zu verbessern.",
	"config.uncommittedChangesOnEntry": "Gibt an, was beim erneuten Eingeben eines Arbeitsbereichs geschehen soll, der bereits Änderungen enthält, für die kein Commit ausgeführt wurde.",
	"config.uncommittedChangesOnEntry.none": "Keine Eingabeaufforderung anzeigen",
	"config.uncommittedChangesOnEntry.promptIfBehind": "Eingabeaufforderung bei eingehenden und nicht ausgeführten Änderungen anzeigen",
	"config.gitProtocol": "Steuert, welches Protokoll zum Klonen eines Repositorys verwendet wird",
	"commands.openRepository": "Remote-Repository öffnen...",
	"commands.continueOn.openRepository": "Remote-Repository öffnen...",
	"commands.addRepositoryToWorkspace": "Repository zum Arbeitsbereich hinzufügen...",
	"commands.continueOn.addRepositoryToWorkspace": "GitHub-Repository zum Arbeitsbereich hinzufügen...",
	"commands.goToRepository": "Zu Repository wechseln",
	"commands.openOnRemote": "In GitHub öffnen",
	"commands.continueOn": "Weiterarbeiten an...",
	"commands.openOnDesktop": "Auf dem Desktop erneut öffnen",
	"commands.openOnWeb": "Open on the Web",
	"commands.continueEditSession.openOnWeb": "Open on the Web",
	"commands.applyPatch": "Änderungen importieren...",
	"commands.exportPatch": "Änderungen exportieren...",
	"commands.clone": "Repository lokal klonen und auf Desktop öffnen...",
	"commands.createBranch": "Neuen Branch erstellen...",
	"commands.createBranchFrom": "Neuen Branch erstellen aus...",
	"commands.fetch": "Abrufen",
	"commands.pull": "Pull",
	"commands.refresh": "Aktualisieren",
	"commands.switchToBranch": "Zu Branch wechseln...",
	"commands.sync": "Synchronisieren (Pull und Push)",
	"commands.deleteAllLocalRepositoryData": "Alle Repositoryindizes löschen",
	"commands.deleteLocalRepositoryData": "Repositoryindex löschen...",
	"commands.commit": "Commit und Push",
	"commands.commitEmpty": "Commit leer und Push",
	"commands.discardAllChanges": "Alle Änderungen verwerfen",
	"commands.discardChanges": "Änderungen verwerfen",
	"commands.stageAllChanges": "Alle Änderungen bereitstellen",
	"commands.stageChanges": "Änderungen bereitstellen",
	"commands.unstageAllChanges": "Bereitstellung aller Änderungen aufheben",
	"commands.unstageChanges": "Bereitstellung der Änderungen aufheben",
	"commands.keepChanges": "Änderungen beibehalten",
	"commands.openChanges": "Änderungen öffnen",
	"commands.openFile": "Datei öffnen",
	"commands.createPullRequest": "Pull Request erstellen",
	"commands.createDraftPullRequest": "Erstellen eines Pull Request-Entwurfs",
	"commands.configureIndexingAllowedRepos": "Indizierung von Repositorys konfigurieren",
	"commands.enableIndexing": "Aktivieren der Repositoryindizierung",
	"commands.disableIndexingForSession": "Indizierung vorübergehend deaktivieren",
	"commands.notebook.continueOn": "Weiterarbeiten an...",
	"commands.timeline.openDiff": "Änderungen öffnen",
	"commands.timeline.openOnGitHub": "In GitHub öffnen",
	"commands.timeline.openOnAzureRepos": "Auf Azure Repos öffnen",
	"commands.timeline.copyCommitId": "Commit-ID kopieren",
	"commands.timeline.copyCommitMessage": "Commitnachricht kopieren",
	"commands.timeline.selectForCompare": "Für Vergleich auswählen",
	"commands.timeline.compareWithSelected": "Mit Auswahl vergleichen",
	"commands.enableDebugLogging": "Debugprotokollierung aktivieren",
	"commands.disableDebugLogging": "Debugprotokollierung deaktivieren",
	"commands.exportDebugInfo": "Debuginformationen exportieren",
	"commands.views.workspaceRepositories.open": "Arbeitsbereich öffnen",
	"commands.views.workspaceRepositories.openInNewWindow": "Arbeitsbereich in neuem Fenster öffnen",
	"commands.views.workspaceRepositories.openChanges": "Änderungen öffnen",
	"commands.views.workspaceRepositories.openFile": "Datei öffnen",
	"commands.views.workspaceRepositories.applyAllChanges": "Alle Änderungen anwenden",
	"commands.views.workspaceRepositories.applyChanges": "Änderungen übernehmen",
	"commands.views.workspaceRepositories.remove": "Entfernen",
	"commands.remoteHelp.getStarted": "Los geht's",
	"commands.category": "Remoterepositorys",
	"submenu.branch": "Branch",
	"submenu.changes": "Änderungen",
	"submenu.commit": "Commit",
	"submenu.patch": "Import/Export",
	"submenu.pullRequest": "Pull Request",
	"views.remote.name": "Remoterepositorys",
	"viewsWelcome.explorer": "Sie können ein Repository oder einen Pull Request remote öffnen, ohne klonen zu müssen.\r\n[Open Remote Repository](command:remoteHub.openRepository)",
	"viewsWelcome.explorer.web": "Sie können ein Repository oder einen Pull Request remote öffnen.\r\n[Open Remote Repository](command:remoteHub.openRepository)",
	"viewsWelcome.scm.web": "Sie können ein Repository oder einen Pull Request remote öffnen.\r\n[Open Remote Repository](command:remoteHub.openRepository)",
	"viewsWelcome.debug": "Ausführung und Debuggen sind im Web-Editor nicht verfügbar. Zum Ausführen und Debuggen müssen Sie in einer Umgebung fortfahren, in der Code ausgeführt werden kann, z. B. ein Codespace oder ein lokaler VS Code.",
	"viewsWelcome.debug.continueOn": "[Weiterarbeiten...](command:remoteHub.continueOn „An diesem Remote-Repository an anderer Stelle weiterarbeiten“)",
	"viewsWelcome.terminal": "Terminals sind im Web-Editor nicht verfügbar. Um das Terminal zu verwenden, müssen Sie in einer Umgebung fortfahren, in der Code ausgeführt werden kann, z. B. ein Codespace oder ein lokaler VS Code.",
	"viewsWelcome.terminal.continueOn": "[Weiterarbeiten...](command:remoteHub.continueOn „An diesem Remote-Repository an anderer Stelle weiterarbeiten“)",
	"viewsWelcome.remoteExplorer": "Ihre kürzlich geöffneten Remoterepositorys werden hier angezeigt.\r\n[Open Remote Repository](command:remoteHub.openRepository)"
}