{
	"displayName": "Repositórios Remotos",
	"description": "Procurar e editar os repositórios git remotamente",
	"colors.added": "Cor dos recursos adicionados",
	"colors.modified": "Cor dos recursos modificados.",
	"colors.deleted": "Cor dos recursos excluídos.",
	"colors.conflict": "Cor dos recursos com conflitos",
	"colors.incomingAdded": "Cor dos recursos de entrada adicionados",
	"colors.incomingModified": "Cor dos recursos modificados de entrada",
	"colors.incomingDeleted": "Cor dos recursos de entrada excluídos",
	"colors.incomingRenamed": "Cor dos recursos de entrada renomeados",
	"colors.possibleConflict": "Cor dos recursos com conflitos.",
	"colors.workspaceRepositoriesView.hasUncommittedChanges": "Cor dos repositórios do espaço de trabalho que têm alterações não confirmadas",
	"config.commitDirectlyWarning": "Especifica se será mostrado um aviso de que as alterações serão confirmadas diretamente no provedor remoto (por exemplo, GitHub)",
	"config.commitDirectlyWarning.off": "Desabilita o aviso de confirmação",
	"config.commitDirectlyWarning.auto": "Avisa até a primeira confirmação",
	"config.commitDirectlyWarning.always": "Sempre avisa",
	"config.logLevel": "Especifica quanto (se houver) para fazer logon no _Remote Repositories_ de saída",
	"config.logLevel.off": "Não registra nada",
	"config.logLevel.error": "Registra somente erros",
	"config.logLevel.warn": "Registra todos os erros e avisos",
	"config.logLevel.info": "Registra todos os erros, avisos e mensagens",
	"config.logLevel.debug": "Registra todos os erros, avisos e mensagens com contexto extra útil para depuração",
	"config.richNavigation.enabled": "Especifica se a navegação avançada deve ser habilitada se o repositório for indexado",
	"config.richNavigation.indexMode": "Controla o comportamento de índice padrão dos branches.",
	"config.richNavigation.indexMode.none": "O uso de um índice de Navegação Avançada está desabilitado para os branches",
	"config.richNavigation.indexMode.latest": "Habilita a Navegação Avançada na última confirmação indexada de um branch. Os arquivos serão somente leitura.",
	"config.richNavigation.indexMode.tipPlusLatest": "Habilita a Navegação Avançada na confirmação atual usando o índice mais recente. Os arquivos serão graváveis.",
	"config.staging.enabled": "Especifica se é necessário habilitar o preparo das alterações antes de confirmar",
	"config.staging.smart": "Especifica se todas as alterações devem ser preparadas automaticamente, se não houver nenhuma, antes de confirmar",
	"config.experimental.useDiffMatchPatch": "Especifica se a biblioteca de diff-match-patch deve ser usada para melhorar o desempenho ao gerar as comparações de arquivos.",
	"config.uncommittedChangesOnEntry": "Especifica o que fazer ao reinserir um espaço de trabalho que já contém alterações não confirmadas.",
	"config.uncommittedChangesOnEntry.none": "Não exibir um prompt",
	"config.uncommittedChangesOnEntry.promptIfBehind": "Exibir um prompt quando houver alterações de entrada, assim como alterações não confirmadas",
	"config.gitProtocol": "Controla qual protocolo é usado para clonar um repositório",
	"commands.openRepository": "Abrir o Repositório Remoto...",
	"commands.continueOn.openRepository": "Abrir o Repositório Remoto...",
	"commands.addRepositoryToWorkspace": "Adicionar o Repositório ao Workspace...",
	"commands.continueOn.addRepositoryToWorkspace": "Adicionar o Repositório do GitHub ao Workspace...",
	"commands.goToRepository": "Acessar o Repositório",
	"commands.openOnRemote": "Abrir no GitHub",
	"commands.continueOn": "Continuar Trabalhando...",
	"commands.openOnDesktop": "Reabrir na Área de Trabalho",
	"commands.openOnWeb": "Open on the Web",
	"commands.continueEditSession.openOnWeb": "Open on the Web",
	"commands.applyPatch": "Importar Alterações...",
	"commands.exportPatch": "Exportar as Alterações...",
	"commands.clone": "Clonar Repositório Localmente e Abrir na Área de Trabalho...",
	"commands.createBranch": "Criar Novo Branch...",
	"commands.createBranchFrom": "Criar Novo Branch de...",
	"commands.fetch": "Buscar",
	"commands.pull": "Efetuar pull",
	"commands.refresh": "Atualizar",
	"commands.switchToBranch": "Alternar para o Branch...",
	"commands.sync": "Sincronização (Pull e Push)",
	"commands.deleteAllLocalRepositoryData": "Excluir Todos os Índices de Repositório",
	"commands.deleteLocalRepositoryData": "Excluir o Índice do Repositório...",
	"commands.commit": "Confirmar e Enviar por Push",
	"commands.commitEmpty": "Confirmar Vazio e Enviar por Push",
	"commands.discardAllChanges": "Descartar Todas as Alterações",
	"commands.discardChanges": "Descartar Alterações",
	"commands.stageAllChanges": "Preparar Todas as Alterações",
	"commands.stageChanges": "Preparar as Alterações",
	"commands.unstageAllChanges": "Remover Todas as Alterações",
	"commands.unstageChanges": "Remover as Alterações",
	"commands.keepChanges": "Manter Alterações",
	"commands.openChanges": "Abrir as Alterações",
	"commands.openFile": "Abrir Arquivo",
	"commands.createPullRequest": "Criar uma Solicitação de Pull",
	"commands.createDraftPullRequest": "Criar uma Solicitação de Pull de Rascunho",
	"commands.configureIndexingAllowedRepos": "Configurar a Indexação dos Repositórios",
	"commands.enableIndexing": "Habilitar a Indexação do Repositório",
	"commands.disableIndexingForSession": "Desabilitar Temporariamente a Indexação",
	"commands.notebook.continueOn": "Continuar Trabalhando...",
	"commands.timeline.openDiff": "Abrir as Alterações",
	"commands.timeline.openOnGitHub": "Abrir no GitHub",
	"commands.timeline.openOnAzureRepos": "Abrir no Repositório do Azure",
	"commands.timeline.copyCommitId": "Copiar a ID de Confirmação",
	"commands.timeline.copyCommitMessage": "Copiar a Mensagem de Confirmação",
	"commands.timeline.selectForCompare": "Selecionar para Comparar",
	"commands.timeline.compareWithSelected": "Comparar com Selecionado",
	"commands.enableDebugLogging": "Habilitar o Registro no Log de Depuração",
	"commands.disableDebugLogging": "Desabilitar o Registro no Log de Depuração",
	"commands.exportDebugInfo": "Exportar as Informações de Depuração",
	"commands.views.workspaceRepositories.open": "Abrir o Workspace",
	"commands.views.workspaceRepositories.openInNewWindow": "Duplicar como Workspace na Nova Janela",
	"commands.views.workspaceRepositories.openChanges": "Abrir as Alterações",
	"commands.views.workspaceRepositories.openFile": "Abrir Arquivo",
	"commands.views.workspaceRepositories.applyAllChanges": "Aplicar Todas as Alterações",
	"commands.views.workspaceRepositories.applyChanges": "Aplicar as Alterações",
	"commands.views.workspaceRepositories.remove": "Remover",
	"commands.remoteHelp.getStarted": "Introdução",
	"commands.category": "Repositórios Remotos",
	"submenu.branch": "Branch",
	"submenu.changes": "Alterações",
	"submenu.commit": "Commit",
	"submenu.patch": "Importação/Exportação",
	"submenu.pullRequest": "Solicitação do Pull",
	"views.remote.name": "Repositórios Remotos",
	"viewsWelcome.explorer": "Você pode abrir remotamente um repositório ou uma solicitação de pull sem clonagem.\r\n[Abrir Repositório Remoto](command:remoteHub.openRepository)",
	"viewsWelcome.explorer.web": "Você pode abrir remotamente um repositório ou uma solicitação de pull.\r\n[Abrir Repositório Remoto](command:remoteHub.openRepository)",
	"viewsWelcome.scm.web": "Você pode abrir remotamente um repositório ou uma solicitação de pull.\r\n[Abrir Repositório Remoto](command:remoteHub.openRepository)",
	"viewsWelcome.debug": "Executar e Depurar não estão disponíveis no editor da Web. Para executar e depurar, você precisará continuar em um ambiente que possa executar códigos, como um codespace ou um VS Code.",
	"viewsWelcome.debug.continueOn": "[Continuar Trabalhando...](command:remoteHub.continueOn 'Continuar trabalhando neste repositório remoto em outro lugar')",
	"viewsWelcome.terminal": "Os terminais não estão disponíveis no editor da Web. Para usar o terminal, você precisará continuar em um ambiente que possa executar códigos, como um codespace ou um VS Code.",
	"viewsWelcome.terminal.continueOn": "[Continuar Trabalhando...](command:remoteHub.continueOn 'Continuar trabalhando neste repositório remoto em outro lugar')",
	"viewsWelcome.remoteExplorer": "Seus repositórios remotos abertos recentemente são exibidos aqui.\r\n[Abrir Repositório Remoto](command:remoteHub.openRepository)"
}