{
	"displayName": "リモート リポジトリ",
	"description": "Git リポジトリをリモートで参照および編集する",
	"colors.added": "追加したリソースへの配色",
	"colors.modified": "変更されたリソースの配色",
	"colors.deleted": "削除済みリソースの配色",
	"colors.conflict": "競合するリソースの配色",
	"colors.incomingAdded": "追加した受信リソースの配色",
	"colors.incomingModified": "変更された受信リソースの配色",
	"colors.incomingDeleted": "削除された受信リソースの配色",
	"colors.incomingRenamed": "名前が変更された受信リソースの配色",
	"colors.possibleConflict": "リソースが競合する場合の配色",
	"colors.workspaceRepositoriesView.hasUncommittedChanges": "コミットされていない変更があるワークスペース リポジトリの色",
	"config.commitDirectlyWarning": "変更がリモート プロバイダーに直接コミットされることを示す警告を表示するかどうかを指定します (例: GitHub)",
	"config.commitDirectlyWarning.off": "コミットの警告を無効にします",
	"config.commitDirectlyWarning.auto": "最初のコミットまで警告する",
	"config.commitDirectlyWarning.always": "常に警告する",
	"config.logLevel": "_Remote Repositories_出力チャネルにログを記録する量 (ある場合) を指定します",
	"config.logLevel.off": "何もログに記録しません",
	"config.logLevel.error": "エラーのみをログに記録する",
	"config.logLevel.warn": "全てのエラーと警告のログを取得する",
	"config.logLevel.info": "すべてのエラー、警告、メッセージをログに記録する",
	"config.logLevel.debug": "デバッグに役立つ追加のコンテキストを含むすべてのエラー、警告、メッセージをログに記録します",
	"config.richNavigation.enabled": "リポジトリにインデックスが作成されている場合にリッチ ナビゲーションを有効にするかどうかを指定します",
	"config.richNavigation.indexMode": "ブランチの既定のインデックスの振る舞いを制御します。",
	"config.richNavigation.indexMode.none": "リッチ ナビゲーション インデックスの使用はブランチに対して無効になっています",
	"config.richNavigation.indexMode.latest": "ブランチの最新のインデックス付きコミットについてリッチ ナビゲーションを有効にします。ファイルは読み取り専用になります。",
	"config.richNavigation.indexMode.tipPlusLatest": "最新のインデックスを使用して、現在のコミットでリッチ ナビゲーションを有効にします。ファイルは書き込み可能になります。",
	"config.staging.enabled": "コミットする前に変更のステージングを有効にするかどうかを指定します",
	"config.staging.smart": "存在しない場合、コミットする前に、すべての変更を自動的にステージングするかどうかを指定します",
	"config.experimental.useDiffMatchPatch": "ファイルの差分を生成するときのパフォーマンスを向上させるために diff-match-patch ライブラリを使用するかどうかを指定します。",
	"config.uncommittedChangesOnEntry": "コミットされていない変更が既に含まれているワークスペースを再入力するときの処理を指定します。",
	"config.uncommittedChangesOnEntry.none": "プロンプトを表示しない",
	"config.uncommittedChangesOnEntry.promptIfBehind": "受信した変更とコミットされていない変更がある場合にプロンプトを表示する",
	"config.gitProtocol": "リポジトリの複製に使用するプロトコルを制御します",
	"commands.openRepository": "リモート リポジトリを開く...",
	"commands.continueOn.openRepository": "リモート リポジトリを開く...",
	"commands.addRepositoryToWorkspace": "ワークスペースにリポジトリを追加...",
	"commands.continueOn.addRepositoryToWorkspace": "GitHub リポジトリをワークスペースに追加...",
	"commands.goToRepository": "リポジトリに進む",
	"commands.openOnRemote": "GitHub で開く",
	"commands.continueOn": "作業を続行...",
	"commands.openOnDesktop": "デスクトップ上で再度開く",
	"commands.openOnWeb": "Open on the Web",
	"commands.continueEditSession.openOnWeb": "Open on the Web",
	"commands.applyPatch": "変更のインポート...",
	"commands.exportPatch": "変更のエクスポート...",
	"commands.clone": "リポジトリをローカルに複製し、デスクトップで開く...",
	"commands.createBranch": "新しい分岐の作成...",
	"commands.createBranchFrom": "新しい分岐元の作成...",
	"commands.fetch": "フェッチ",
	"commands.pull": "プル",
	"commands.refresh": "更新",
	"commands.switchToBranch": "ブランチに切り替える...",
	"commands.sync": "同期 (プルとプッシュ)",
	"commands.deleteAllLocalRepositoryData": "すべてのリポジトリ インデックスの削除",
	"commands.deleteLocalRepositoryData": "リポジトリ インデックスの削除...",
	"commands.commit": "コミットとプッシュ",
	"commands.commitEmpty": "空のコミットとプッシュ",
	"commands.discardAllChanges": "すべての変更を破棄する",
	"commands.discardChanges": "変更を破棄する",
	"commands.stageAllChanges": "すべての変更をステージングする",
	"commands.stageChanges": "変更のステージング",
	"commands.unstageAllChanges": "すべての変更のステージングを解除",
	"commands.unstageChanges": "変更のステージング解除",
	"commands.keepChanges": "変更を保持する",
	"commands.openChanges": "変更点を開く",
	"commands.openFile": "ファイルを開く",
	"commands.createPullRequest": "Pull 要求の作成",
	"commands.createDraftPullRequest": "ドラフト Pull 要求を作成する",
	"commands.configureIndexingAllowedRepos": "リポジトリのインデックス作成の構成",
	"commands.enableIndexing": "リポジトリのインデックス作成を有効にする",
	"commands.disableIndexingForSession": "インデックス作成を一時的に無効にする",
	"commands.notebook.continueOn": "作業を続行...",
	"commands.timeline.openDiff": "変更点を開く",
	"commands.timeline.openOnGitHub": "GitHub で開く",
	"commands.timeline.openOnAzureRepos": "Azure Repos で開く",
	"commands.timeline.copyCommitId": "コミット ID をコピーする",
	"commands.timeline.copyCommitMessage": "コミット メッセージのコピー",
	"commands.timeline.selectForCompare": "比較対象の選択",
	"commands.timeline.compareWithSelected": "選択済みと比較",
	"commands.enableDebugLogging": "デバッグ ログを有効にする",
	"commands.disableDebugLogging": "デバッグ ログを無効にする",
	"commands.exportDebugInfo": "デバッグ情報のエクスポート",
	"commands.views.workspaceRepositories.open": "ワークスペースを開く",
	"commands.views.workspaceRepositories.openInNewWindow": "新しいウィンドウでワークスペースを開く",
	"commands.views.workspaceRepositories.openChanges": "変更点を開く",
	"commands.views.workspaceRepositories.openFile": "ファイルを開く",
	"commands.views.workspaceRepositories.applyAllChanges": "すべての変更を適用する",
	"commands.views.workspaceRepositories.applyChanges": "変更の適用",
	"commands.views.workspaceRepositories.remove": "削除",
	"commands.remoteHelp.getStarted": "利用を開始する",
	"commands.category": "リモート リポジトリ",
	"submenu.branch": "ブランチ",
	"submenu.changes": "変更",
	"submenu.commit": "コミット",
	"submenu.patch": "インポート/エクスポート",
	"submenu.pullRequest": "Pull 要求",
	"views.remote.name": "リモート リポジトリ",
	"viewsWelcome.explorer": "リポジトリまたは pull 要求を複製せずにリモートで開くことができます。\r\n[リモート リポジトリを開く](command:remoteHub.openRepository)",
	"viewsWelcome.explorer.web": "リポジトリまたは pull 要求をリモートで開くことができます。\r\n[リモート リポジトリを開く](command:remoteHub.openRepository)",
	"viewsWelcome.scm.web": "リポジトリまたは pull 要求をリモートで開くことができます。\r\n[リモート リポジトリを開く](command:remoteHub.openRepository)",
	"viewsWelcome.debug": "実行とデバッグは Web エディターでは使用できません。実行およびデバッグするには、codespace やローカル VS Code などのコードを実行できる環境で続行する必要があります。",
	"viewsWelcome.debug.continueOn": "[作業を続行...](command:remoteHub.continueOn '他の場所でも同様に、このリモート リポジトリで作業を続行する')",
	"viewsWelcome.terminal": "ターミナルは Web エディターでは使用できません。ターミナルを使用するには、codespace やローカル VS Code などのコードを実行できる環境で続行する必要があります。",
	"viewsWelcome.terminal.continueOn": "[作業を続行...](command:remoteHub.continueOn '他の場所でも同様に、このリモート リポジトリで作業を続行する')",
	"viewsWelcome.remoteExplorer": "最近開いたリモート リポジトリがここに表示されます。\r\n[リモート リポジトリを開く](command:remoteHub.openRepository)"
}