{
	"displayName": "遠端存放庫",
	"description": "從遠端瀏覽及編輯 Git 存放庫",
	"colors.added": "已新增資源的顏色",
	"colors.modified": "修改資源的顏色",
	"colors.deleted": "刪除資源的顏色",
	"colors.conflict": "帶有衝突資源的顏色",
	"colors.incomingAdded": "傳入新增資源的色彩",
	"colors.incomingModified": "傳入修改資源的色彩",
	"colors.incomingDeleted": "傳入已刪除資源的色彩",
	"colors.incomingRenamed": "傳入重新命名資源的色彩",
	"colors.possibleConflict": "可能發生衝突的資源色彩",
	"colors.workspaceRepositoriesView.hasUncommittedChanges": "具有未認可變更的工作區存放庫色彩",
	"config.commitDirectlyWarning": "指定是否顯示將直接對遠端提供者認可變更的警告 (例如 GitHub)",
	"config.commitDirectlyWarning.off": "停用認可警告",
	"config.commitDirectlyWarning.auto": "在第一次認可前發出警告",
	"config.commitDirectlyWarning.always": "一律警告",
	"config.logLevel": "指定要記錄多少 (如果有) 到 _Remote Repositories_ 通道",
	"config.logLevel.off": "不記錄任何項目",
	"config.logLevel.error": "僅記錄錯誤",
	"config.logLevel.warn": "記錄所有錯誤和警告",
	"config.logLevel.info": "記錄所有錯誤、警告和訊息",
	"config.logLevel.debug": "記錄具有適用於偵錯之額外內容的所有錯誤、警告和訊息",
	"config.richNavigation.enabled": "指定是否要在編制存放庫索引時啟用豐富型導覽",
	"config.richNavigation.indexMode": "控制分支的預設索引行為。",
	"config.richNavigation.indexMode.none": "已停用分支的 Rich Navigation 索引",
	"config.richNavigation.indexMode.latest": "在分支的最新索引化認可上啟用 Rich Navigation。檔案將會是唯讀的。",
	"config.richNavigation.indexMode.tipPlusLatest": "使用最新的索引，在目前的認可上啟用 Rich Navigation。檔案將可寫入。",
	"config.staging.enabled": "指定是否要在認可前啟用變更的暫存",
	"config.staging.smart": "指定是否要在認可前自動暫存所有變更，如果沒有變更",
	"config.experimental.useDiffMatchPatch": "指定在產生檔案差異時，是否要使用 diff-match-patch 程式庫來改善效能。",
	"config.uncommittedChangesOnEntry": "指定重新進入已包含未認可變更的工作區時要執行的動作。",
	"config.uncommittedChangesOnEntry.none": "不要顯示提示",
	"config.uncommittedChangesOnEntry.promptIfBehind": "當有傳入變更以及未認可的變更時顯示提示",
	"config.gitProtocol": "控制要用來複製存放庫的通訊協定",
	"commands.openRepository": "開啟遠端存放庫...",
	"commands.continueOn.openRepository": "開啟遠端存放庫...",
	"commands.addRepositoryToWorkspace": "新增存放庫至工作區...",
	"commands.continueOn.addRepositoryToWorkspace": "新增 GitHub 存放庫至工作區...",
	"commands.goToRepository": "前往存放庫",
	"commands.openOnRemote": "在 GitHub 上開啟",
	"commands.continueOn": "繼續工作...",
	"commands.openOnDesktop": "在桌面上重新開啟",
	"commands.openOnWeb": "Open on the Web",
	"commands.continueEditSession.openOnWeb": "Open on the Web",
	"commands.applyPatch": "匯出變更...",
	"commands.exportPatch": "匯出變更...",
	"commands.clone": "在桌面上複製存放庫並開啟...",
	"commands.createBranch": "建立新分支...",
	"commands.createBranchFrom": "從以下位置建立新分支...",
	"commands.fetch": "擷取",
	"commands.pull": "提取",
	"commands.refresh": "重新整理",
	"commands.switchToBranch": "切換至分支...",
	"commands.sync": "同步 (提取與推送)",
	"commands.deleteAllLocalRepositoryData": "刪除所有存放庫索引",
	"commands.deleteLocalRepositoryData": "刪除存放庫索引...",
	"commands.commit": "認可並推送",
	"commands.commitEmpty": "認可空白及推送",
	"commands.discardAllChanges": "捨棄所有變更",
	"commands.discardChanges": "捨棄變更",
	"commands.stageAllChanges": "暫存所有變更 (Stage All Changes)",
	"commands.stageChanges": "暫存變更",
	"commands.unstageAllChanges": "取消所有暫存變更(Unstage All Changes)",
	"commands.unstageChanges": "取消暫存變更",
	"commands.keepChanges": "保存變更",
	"commands.openChanges": "開啟變更",
	"commands.openFile": "開啟檔案",
	"commands.createPullRequest": "建立提取要求",
	"commands.createDraftPullRequest": "建立草稿提取要求",
	"commands.configureIndexingAllowedRepos": "設定存放庫的索引",
	"commands.enableIndexing": "啟用存放庫索引",
	"commands.disableIndexingForSession": "暫時停用索引",
	"commands.notebook.continueOn": "繼續工作...",
	"commands.timeline.openDiff": "開啟變更",
	"commands.timeline.openOnGitHub": "在 GitHub 上開啟",
	"commands.timeline.openOnAzureRepos": "在 Azure Repos 上開啟",
	"commands.timeline.copyCommitId": "複製認可識別碼",
	"commands.timeline.copyCommitMessage": "複製認可訊息",
	"commands.timeline.selectForCompare": "選取以進行比較",
	"commands.timeline.compareWithSelected": "與選取的比較",
	"commands.enableDebugLogging": "啟用偵錯記錄",
	"commands.disableDebugLogging": "停用偵錯記錄",
	"commands.exportDebugInfo": "發出偵錯資訊",
	"commands.views.workspaceRepositories.open": "開啟工作區",
	"commands.views.workspaceRepositories.openInNewWindow": "開啟新視窗中的工作區",
	"commands.views.workspaceRepositories.openChanges": "開啟變更",
	"commands.views.workspaceRepositories.openFile": "開啟檔案",
	"commands.views.workspaceRepositories.applyAllChanges": "套用所有變更",
	"commands.views.workspaceRepositories.applyChanges": "套用變更",
	"commands.views.workspaceRepositories.remove": "移除",
	"commands.remoteHelp.getStarted": "開始使用",
	"commands.category": "遠端存放庫",
	"submenu.branch": "分支",
	"submenu.changes": "變更",
	"submenu.commit": "認可",
	"submenu.patch": "匯入/匯出",
	"submenu.pullRequest": "提取要求",
	"views.remote.name": "遠端存放庫",
	"viewsWelcome.explorer": "您可以遠端開啟存放庫或提取要求而不復制。\r\n[開啟遠端存放庫](command:remoteHub.openRepository)",
	"viewsWelcome.explorer.web": "您可以遠端開啟存放庫或提取要求。\r\n[開啟遠端存放庫](command:remoteHub.openRepository)",
	"viewsWelcome.scm.web": "您可以遠端開啟存放庫或提取要求。\r\n[開啟遠端存放庫](command:remoteHub.openRepository)",
	"viewsWelcome.debug": "Web 編輯器無法使用 [執行及偵錯]。若要執行並偵錯，您必須在可以執行程式碼的環境中繼續，例如 codespace 或本機 VS Code。",
	"viewsWelcome.debug.continueOn": "[繼續工作...](command:remoteHub.continueOn '繼續在此遠端存放庫的其他地方工作')",
	"viewsWelcome.terminal": "網頁編輯器無法使用終端機。若要使用終端機，您必須在可以執行程式碼的環境中繼續，例如 codespace 或本機 VS Code。",
	"viewsWelcome.terminal.continueOn": "[繼續工作...](command:remoteHub.continueOn '繼續在此遠端存放庫的其他地方工作')",
	"viewsWelcome.remoteExplorer": "您最近開啟的遠端存放庫會顯示在這裡。\r\n[開啟遠端存放庫](command:remoteHub.openRepository)"
}