{
	"displayName": "Repozytoria zdalne",
	"description": "Zdalne przeglądanie i edytowanie repozytoriów Git",
	"colors.added": "Kolor dodanych zasobów",
	"colors.modified": "Kolor zmodyfikowanych zasobów",
	"colors.deleted": "Kolor usuniętych zasobów",
	"colors.conflict": "Kolor zasobów z konfliktami",
	"colors.incomingAdded": "Kolor dla przychodzących dodanych zasobów",
	"colors.incomingModified": "Kolor przychodzących zmodyfikowanych zasobów",
	"colors.incomingDeleted": "Kolor przychodzących usuniętych zasobów",
	"colors.incomingRenamed": "Kolor przychodzących zasobów o zmienionej nazwy",
	"colors.possibleConflict": "Kolor zasobów z możliwymi konfliktami",
	"colors.workspaceRepositoriesView.hasUncommittedChanges": "Kolor repozytoriów obszaru roboczego, które mają niezatwierdzone zmiany",
	"config.commitDirectlyWarning": "Określa, czy ma być wyświetlane ostrzeżenie, że zmiany zostaną przekazane bezpośrednio do dostawcy zdalnego (np. GitHub)",
	"config.commitDirectlyWarning.off": "Wyłącza ostrzeżenie o zatwierdzeniu",
	"config.commitDirectlyWarning.auto": "Ostrzega przed pierwszym zatwierdzeniem",
	"config.commitDirectlyWarning.always": "Zawsze ostrzega",
	"config.logLevel": "Określa, ile (jeśli w ogóle) ma być rejestrowane w kanale wyjściowym _Remote Repositories_",
	"config.logLevel.off": "Nic nie rejestruje",
	"config.logLevel.error": "Rejestruje tylko błędy",
	"config.logLevel.warn": "Rejestruje wszystkie błędy i ostrzeżenia",
	"config.logLevel.info": "Rejestruje wszystkie błędy, ostrzeżenia i komunikaty",
	"config.logLevel.debug": "Rejestruje wszystkie błędy, ostrzeżenia i komunikaty z dodatkowym kontekstem przydatnym do debugowania",
	"config.richNavigation.enabled": "Określa, czy włączyć zaawansowaną nawigację, jeśli repozytorium jest indeksowane",
	"config.richNavigation.indexMode": "Steruje domyślnym zachowaniem indeksu dla gałęzi.",
	"config.richNavigation.indexMode.none": "Używanie zaawansowanego indeksu nawigacji jest wyłączone dla gałęzi",
	"config.richNavigation.indexMode.latest": "Włącza rozbudowane nawigowanie po najnowszym indeksowanym zatwierdzeniu gałęzi. Pliki będą tylko do odczytu.",
	"config.richNavigation.indexMode.tipPlusLatest": "Włącza rozbudowane nawigowanie po bieżącym zatwierdzeniu przy użyciu najnowszego indeksu. Pliki będą zapisywalne.",
	"config.staging.enabled": "Określa, czy włączyć przemieszczanie zmian przed zatwierdzeniem",
	"config.staging.smart": "Określa, czy przed zatwierdzeniem automatycznie przygotować wszystkie zmiany, jeśli ich nie ma",
	"config.experimental.useDiffMatchPatch": "Określa, czy biblioteka diff-match-patch ma być używana w celu zwiększenia wydajności podczas generowania różnic plików.",
	"config.uncommittedChangesOnEntry": "Określa, co należy zrobić podczas ponownego wprowadzania obszaru roboczego, który zawiera już niezatwierdzone zmiany.",
	"config.uncommittedChangesOnEntry.none": "Nie wyświetlaj monitu",
	"config.uncommittedChangesOnEntry.promptIfBehind": "Wyświetlanie monitu o wprowadzenie zmian przychodzących, a także o niezatwierdzonych zmianach",
	"config.gitProtocol": "Określa, który protokół jest używany do klonowania repozytorium",
	"commands.openRepository": "Otwórz repozytorium zdalne...",
	"commands.continueOn.openRepository": "Otwórz repozytorium zdalne...",
	"commands.addRepositoryToWorkspace": "Dodaj repozytorium do obszaru roboczego...",
	"commands.continueOn.addRepositoryToWorkspace": "Dodaj repozytorium GitHub do obszaru roboczego...",
	"commands.goToRepository": "Przejdź do repozytorium",
	"commands.openOnRemote": "Otwórz w GitHub",
	"commands.continueOn": "Kontynuuj pracę nad...",
	"commands.openOnDesktop": "Otwórz ponownie na pulpicie",
	"commands.openOnWeb": "Open on the Web",
	"commands.continueEditSession.openOnWeb": "Open on the Web",
	"commands.applyPatch": "Importuj zmiany...",
	"commands.exportPatch": "Eksportuj zmiany...",
	"commands.clone": "Klonuj repozytorium lokalnie i otwórz na pulpicie...",
	"commands.createBranch": "Utwórz nową gałąź...",
	"commands.createBranchFrom": "Utwórz nową gałąź z...",
	"commands.fetch": "Pobierz",
	"commands.pull": "Ściągnij",
	"commands.refresh": "Odśwież",
	"commands.switchToBranch": "Przełącz do gałęzi...",
	"commands.sync": "Synchronizuj (ściągnij i wypychnij)",
	"commands.deleteAllLocalRepositoryData": "Usuń wszystkie indeksy repozytoriów",
	"commands.deleteLocalRepositoryData": "Usuń indeks repozytorium...",
	"commands.commit": "Zatwierdź i wypchnij",
	"commands.commitEmpty": "Zatwierdź puste i wypchnij",
	"commands.discardAllChanges": "Odrzuć wszystkie zmiany",
	"commands.discardChanges": "Odrzuć zmiany",
	"commands.stageAllChanges": "Przygotuj wszystkie zmiany",
	"commands.stageChanges": "Przygotuj zmiany",
	"commands.unstageAllChanges": "Cofnij przygotowanie wszystkich zmian",
	"commands.unstageChanges": "Cofnij przygotowanie zmian",
	"commands.keepChanges": "Zachowaj zmiany",
	"commands.openChanges": "Otwórz zmiany",
	"commands.openFile": "Otwórz plik",
	"commands.createPullRequest": "Utwórz żądanie ściągnięcia",
	"commands.createDraftPullRequest": "Utwórz robocze żądanie ściągnięcia",
	"commands.configureIndexingAllowedRepos": "Konfiguruj indeksowanie repozytoriów",
	"commands.enableIndexing": "Włącz indeksowanie repozytorium",
	"commands.disableIndexingForSession": "Tymczasowo wyłącz indeksowanie",
	"commands.notebook.continueOn": "Kontynuuj pracę nad...",
	"commands.timeline.openDiff": "Otwórz zmiany",
	"commands.timeline.openOnGitHub": "Otwórz w GitHub",
	"commands.timeline.openOnAzureRepos": "Otwórz w usłudze Azure Repos",
	"commands.timeline.copyCommitId": "Kopiuj identyfikator zatwierdzenia",
	"commands.timeline.copyCommitMessage": "Kopiuj komunikat zatwierdzenia",
	"commands.timeline.selectForCompare": "Wybierz do porównania",
	"commands.timeline.compareWithSelected": "Porównaj z wybranymi",
	"commands.enableDebugLogging": "Włącz rejestrowanie debugowania",
	"commands.disableDebugLogging": "Wyłącz rejestrowanie debugowania",
	"commands.exportDebugInfo": "Eksportuj informacje debugowania",
	"commands.views.workspaceRepositories.open": "Otwórz obszar roboczy",
	"commands.views.workspaceRepositories.openInNewWindow": "Otwórz obszar roboczy w nowym oknie",
	"commands.views.workspaceRepositories.openChanges": "Otwórz zmiany",
	"commands.views.workspaceRepositories.openFile": "Otwórz plik",
	"commands.views.workspaceRepositories.applyAllChanges": "Zastosuj wszystkie zmiany",
	"commands.views.workspaceRepositories.applyChanges": "Zastosuj zmiany",
	"commands.views.workspaceRepositories.remove": "Usuń",
	"commands.remoteHelp.getStarted": "Rozpocznij",
	"commands.category": "Repozytoria zdalne",
	"submenu.branch": "Gałąź",
	"submenu.changes": "Zmiany",
	"submenu.commit": "Zatwierdź",
	"submenu.patch": "Import/Eksport",
	"submenu.pullRequest": "Żądanie ściągnięcia",
	"views.remote.name": "Repozytoria zdalne",
	"viewsWelcome.explorer": "Możesz zdalnie otworzyć repozytorium lub żądanie ściągnięcia bez klonowania.\r\n[Otwórz repozytorium zdalne](command:remoteHub.openRepository)",
	"viewsWelcome.explorer.web": "Możesz zdalnie otworzyć repozytorium lub żądanie ściągnięcia.\r\n[Otwórz repozytorium zdalne](command:remoteHub.openRepository)",
	"viewsWelcome.scm.web": "Możesz zdalnie otworzyć repozytorium lub żądanie ściągnięcia.\r\n[Otwórz repozytorium zdalne](command:remoteHub.openRepository)",
	"viewsWelcome.debug": "Uruchamianie i debugowanie nie jest dostępne w edytorze sieci Web. Aby uruchomić i debugować, musisz kontynuować w środowisku, które może uruchamiać kod, na przykład w środowisku codespace lub w lokalnym VS Code.",
	"viewsWelcome.debug.continueOn": "[Kontynuuj pracę na...](command:remoteHub.continueOn 'Continue working on this Remote repository elsewhere')",
	"viewsWelcome.terminal": "Terminale nie są dostępne w edytorze sieci Web. Aby korzystać z terminalu, musisz kontynuować pracę w środowisku, w którym można uruchamiać kod, na przykład w środowisku codespace lub lokalnym programie VS Code.",
	"viewsWelcome.terminal.continueOn": "[Kontynuuj pracę na...](command:remoteHub.continueOn 'Continue working on this Remote repository elsewhere')",
	"viewsWelcome.remoteExplorer": "W tym miejscu są wyświetlane ostatnio otwierane repozytoria zdalne.\r\n[Otwórz repozytorium zdalne](command:remoteHub.openRepository)"
}