{
	"displayName": "Удаленные репозитории",
	"description": "Удаленный просмотр и изменение репозиториев Git",
	"colors.added": "Цвет добавленных ресурсов.",
	"colors.modified": "Цвет измененных ресурсов",
	"colors.deleted": "Цвет удаленных ресурсов",
	"colors.conflict": "Цвет ресурсов с конфликтами",
	"colors.incomingAdded": "Цвет входящих добавленных ресурсов",
	"colors.incomingModified": "Цвет входящих измененных ресурсов",
	"colors.incomingDeleted": "Цвет входящих удаленных ресурсов",
	"colors.incomingRenamed": "Цвет входящих переименованных ресурсов",
	"colors.possibleConflict": "Цвет ресурсов с возможными конфликтами",
	"colors.workspaceRepositoriesView.hasUncommittedChanges": "Цвет репозиториев рабочей области с незафиксированных изменениями",
	"config.commitDirectlyWarning": "Указывает, следует ли показывать предупреждение о том, что изменения будут зафиксированы непосредственно в удаленном поставщике (например, GitHub)",
	"config.commitDirectlyWarning.off": "Отключает предупреждение о фиксации",
	"config.commitDirectlyWarning.auto": "Предупреждает до первой фиксации",
	"config.commitDirectlyWarning.always": "Всегда предупреждает",
	"config.logLevel": "Указывает количество элементов для записи (если таковые имеются) в исходящий канал _Удаленные репозитории_",
	"config.logLevel.off": "Не записывает ничего",
	"config.logLevel.error": "Записывает только ошибки",
	"config.logLevel.warn": "Записывает все ошибки и предупреждения",
	"config.logLevel.info": "Записывает все ошибки, предупреждения и сообщения",
	"config.logLevel.debug": "Записывает все ошибки, предупреждения и сообщения с дополнительным контекстом, который можно использовать для отладки",
	"config.richNavigation.enabled": "Указывает, следует ли включать расширенную навигацию, если в репозиторий индексирован",
	"config.richNavigation.indexMode": "Управляет стандартным поведением индекса для ветвей.",
	"config.richNavigation.indexMode.none": "Использование индекса расширенной навигации отключено для ветвей",
	"config.richNavigation.indexMode.latest": "Включает расширенную навигацию по последней проиндексированной фиксации ветви. Файлы будут доступны только для чтения.",
	"config.richNavigation.indexMode.tipPlusLatest": "Включает расширенную навигацию по текущей фиксации с помощью последнего индекса. Файлы будут доступны для записи.",
	"config.staging.enabled": "Указывает, следует ли включать промежуточное хранение изменений перед фиксацией",
	"config.staging.smart": "Указывает, следует ли автоматически хранить все промежуточные изменения, если они отсутствуют, перед фиксацией",
	"config.experimental.useDiffMatchPatch": "Указывает, следует ли использовать библиотеку diff-match-patch для повышения производительности при создании различий файлов.",
	"config.uncommittedChangesOnEntry": "Указывает, что делать при повторном входе в рабочую область, которая уже содержит незафиксированные изменения.",
	"config.uncommittedChangesOnEntry.none": "Не отображать запрос",
	"config.uncommittedChangesOnEntry.promptIfBehind": "Отображать запрос при наличии входящих и незафиксированных изменений",
	"config.gitProtocol": "Определяет, какой протокол используется для клонирования репозитория",
	"commands.openRepository": "Открыть удаленный репозиторий…",
	"commands.continueOn.openRepository": "Открыть удаленный репозиторий…",
	"commands.addRepositoryToWorkspace": "Добавить репозиторий в рабочую область…",
	"commands.continueOn.addRepositoryToWorkspace": "Добавить репозиторий GitHub в рабочую область…",
	"commands.goToRepository": "Перейти в репозиторий",
	"commands.openOnRemote": "Открыть в GitHub",
	"commands.continueOn": "Продолжить работу с...",
	"commands.openOnDesktop": "Повторно открыть на рабочем столе",
	"commands.openOnWeb": "Open on the Web",
	"commands.continueEditSession.openOnWeb": "Open on the Web",
	"commands.applyPatch": "Импортировать изменения…",
	"commands.exportPatch": "Экспортировать изменения…",
	"commands.clone": "Клонировать репозиторий локально и открыть на рабочем столе…",
	"commands.createBranch": "Создать новую ветвь…",
	"commands.createBranchFrom": "Создать новую ветвь из…",
	"commands.fetch": "Получить",
	"commands.pull": "Вытянуть",
	"commands.refresh": "Обновить",
	"commands.switchToBranch": "Переключиться на ветвь…",
	"commands.sync": "Синхронизация (Вытягивание и отправка)",
	"commands.deleteAllLocalRepositoryData": "Удалить все индексы репозитория",
	"commands.deleteLocalRepositoryData": "Удалить индекс репозитория…",
	"commands.commit": "Отправить фиксацию",
	"commands.commitEmpty": "Отправить пустую фиксацию",
	"commands.discardAllChanges": "Отменить все изменения",
	"commands.discardChanges": "Отменить изменения",
	"commands.stageAllChanges": "Хранить все промежуточные изменения",
	"commands.stageChanges": "Хранить промежуточные изменения",
	"commands.unstageAllChanges": "Отменить все промежуточные изменения",
	"commands.unstageChanges": "Отменить хранение промежуточных изменений",
	"commands.keepChanges": "Сохранить изменения",
	"commands.openChanges": "Открыть изменения",
	"commands.openFile": "Открыть файл",
	"commands.createPullRequest": "Создать запрос на вытягивание",
	"commands.createDraftPullRequest": "Создать черновик запроса на вытягивание",
	"commands.configureIndexingAllowedRepos": "Настроить индексирование репозиториев",
	"commands.enableIndexing": "Включить индексирование репозитория",
	"commands.disableIndexingForSession": "Временно отключить индексирование",
	"commands.notebook.continueOn": "Продолжить работу…",
	"commands.timeline.openDiff": "Открыть изменения",
	"commands.timeline.openOnGitHub": "Открыть в GitHub",
	"commands.timeline.openOnAzureRepos": "Открыть в Azure Repos",
	"commands.timeline.copyCommitId": "Копировать идентификатор фиксации",
	"commands.timeline.copyCommitMessage": "Копировать сообщение о фиксации",
	"commands.timeline.selectForCompare": "Выбрать для сравнения",
	"commands.timeline.compareWithSelected": "Сравнить с выбранным",
	"commands.enableDebugLogging": "Включить ведение журнала отладки",
	"commands.disableDebugLogging": "Отключить ведение журнала отладки",
	"commands.exportDebugInfo": "Экспортировать отладочную информацию",
	"commands.views.workspaceRepositories.open": "Открыть рабочую область",
	"commands.views.workspaceRepositories.openInNewWindow": "Создать рабочую область в новом окне",
	"commands.views.workspaceRepositories.openChanges": "Открыть изменения",
	"commands.views.workspaceRepositories.openFile": "Открыть файл",
	"commands.views.workspaceRepositories.applyAllChanges": "Применить все изменения",
	"commands.views.workspaceRepositories.applyChanges": "Применить изменения",
	"commands.views.workspaceRepositories.remove": "Удалить",
	"commands.remoteHelp.getStarted": "Начать",
	"commands.category": "Удаленные репозитории",
	"submenu.branch": "Ветвь",
	"submenu.changes": "Изменения",
	"submenu.commit": "Зафиксировать",
	"submenu.patch": "Импорт / экспорт",
	"submenu.pullRequest": "Запрос на вытягивание",
	"views.remote.name": "Удаленные репозитории",
	"viewsWelcome.explorer": "Вы можете удаленно открыть репозиторий или запрос на вытягивание без клонирования.\r\n[Открыть удаленный репозиторий](command:remoteHub.openRepository)",
	"viewsWelcome.explorer.web": "Вы можете удаленно открыть репозиторий или запрос на вытягивание.\r\n[Открыть удаленный репозиторий](command:remoteHub.openRepository)",
	"viewsWelcome.scm.web": "Вы можете удаленно открыть репозиторий или запрос на вытягивание.\r\n[Открыть удаленный репозиторий](command:remoteHub.openRepository)",
	"viewsWelcome.debug": "Запуск и отладка недоступны в веб-редакторе. Для запуска и отладки необходимо продолжить работу в среде, в которой можно выполнить код, например в codespace или локальной среде VS Code.",
	"viewsWelcome.debug.continueOn": "[Продолжить работу…](command:remoteHub.continueOn 'Continue working on this Remote repository elsewhere')",
	"viewsWelcome.terminal": "Терминалы недоступны в веб-редакторе. Чтобы использовать терминал, необходимо продолжить работу в среде, в которой можно выполнить код, например в codespace или локальной среде VS Code.",
	"viewsWelcome.terminal.continueOn": "[Продолжить работу…](command:remoteHub.continueOn 'Continue working on this Remote repository elsewhere')",
	"viewsWelcome.remoteExplorer": "Здесь отображаются недавно открытые удаленные репозитории.\r\n[Открыть удаленный репозиторий](command:remoteHub.openRepository)"
}