{
	"displayName": "Vzdálená úložiště",
	"description": "Vzdálené procházení a úpravy úložišť Git",
	"colors.added": "Barva pro přidané prostředky",
	"colors.modified": "Barva upravených prostředků",
	"colors.deleted": "Barva odstraněných prostředků",
	"colors.conflict": "Barva pro prostředky s konflikty",
	"colors.incomingAdded": "Barva příchozích přidaných prostředků",
	"colors.incomingModified": "Barva příchozích upravených prostředků",
	"colors.incomingDeleted": "Barva příchozích odstraněných prostředků",
	"colors.incomingRenamed": "Barva příchozích přejmenovaných prostředků",
	"colors.possibleConflict": "Barva prostředků s možnými konflikty",
	"colors.workspaceRepositoriesView.hasUncommittedChanges": "Barva úložišť pracovních prostorů, která mají nepotvrzené změny",
	"config.commitDirectlyWarning": "Určuje, jestli se má zobrazit upozornění, že změny budou odevzdány přímo vzdálenému poskytovateli (např. GitHub).",
	"config.commitDirectlyWarning.off": "Zakáže upozornění potvrzení.",
	"config.commitDirectlyWarning.auto": "Upozorní na první potvrzení.",
	"config.commitDirectlyWarning.always": "Vždy varuje",
	"config.logLevel": "Určuje, kolik (pokud nějaké) se má protokolovat do výstupního kanálu _Remote Repositories_",
	"config.logLevel.off": "Neprotokoluje nic",
	"config.logLevel.error": "Protokoluje pouze chyby",
	"config.logLevel.warn": "Zapíše do protokolu všechny chyby a upozornění.",
	"config.logLevel.info": "Protokolovat všechny chyby, upozornění a zprávy",
	"config.logLevel.debug": "Protokolovat všechny chyby, upozornění a zprávy s dodatečným kontextem užitečným pro ladění",
	"config.richNavigation.enabled": "Určuje, jestli se má povolit rozšířená navigace, pokud je úložiště indexované",
	"config.richNavigation.indexMode": "Určuje výchozí chování indexu pro větve.",
	"config.richNavigation.indexMode.none": "Použití indexu rozšířené navigace je pro větve zakázáno",
	"config.richNavigation.indexMode.latest": "Povolí rozšířenou u navigaci u nejnovějšího indexovaného potvrzení větve. Soubory budou jen pro čtení.",
	"config.richNavigation.indexMode.tipPlusLatest": "Povolí rozšířenou navigaci v aktuálním potvrzení s použitím nejnovějšího indexu. Do souborů bude možné zapisovat.",
	"config.staging.enabled": "Určuje, jestli se mají povolit přípravné změny před potvrzením.",
	"config.staging.smart": "Určuje, jestli se mají před potvrzením automaticky rozfázovat všechny změny, pokud žádné neexistují.",
	"config.experimental.useDiffMatchPatch": "Určuje, jestli se má pro lepší výkon při generování rozdílů v souborech používat knihovna diff-match-patch.",
	"config.uncommittedChangesOnEntry": "Určuje, co se má udělat při opětovném vstupu do pracovního prostoru, který již obsahuje nepotvrzené změny.",
	"config.uncommittedChangesOnEntry.none": "Nezobrazovat výzvu",
	"config.uncommittedChangesOnEntry.promptIfBehind": "Zobrazit výzvu v případě příchozích změn a také nepotvrzených změn",
	"config.gitProtocol": "Určuje, který protokol se používá ke klonování úložiště.",
	"commands.openRepository": "Otevřít vzdálené úložiště...",
	"commands.continueOn.openRepository": "Otevřít vzdálené úložiště...",
	"commands.addRepositoryToWorkspace": "Přidat úložiště do pracovního prostoru...",
	"commands.continueOn.addRepositoryToWorkspace": "Přidat úložiště GitHub do pracovního prostoru...",
	"commands.goToRepository": "Přejít na úložiště",
	"commands.openOnRemote": "Otevřít v GitHubu",
	"commands.continueOn": "Pokračovat v práci...",
	"commands.openOnDesktop": "Znovu otevřít na ploše",
	"commands.openOnWeb": "Open on the Web",
	"commands.continueEditSession.openOnWeb": "Open on the Web",
	"commands.applyPatch": "Importovat změny...",
	"commands.exportPatch": "Exportovat změny...",
	"commands.clone": "Místně klonovat úložiště a otevřít na ploše...",
	"commands.createBranch": "Vytvořit novou větev...",
	"commands.createBranchFrom": "Vytvořit novou větev z...",
	"commands.fetch": "Načíst změny",
	"commands.pull": "Přijmout změny",
	"commands.refresh": "Aktualizovat",
	"commands.switchToBranch": "Přepnout na větev...",
	"commands.sync": "Synchronizovat (přijmout a nasdílet změny)",
	"commands.deleteAllLocalRepositoryData": "Odstranit všechny indexy úložiště",
	"commands.deleteLocalRepositoryData": "Odstranit index úložiště...",
	"commands.commit": "Potvrdit změny a vložit",
	"commands.commitEmpty": "Potvrdit prázdné a nasdílet změny",
	"commands.discardAllChanges": "Zahodit všechny změny",
	"commands.discardChanges": "Zahodit změny",
	"commands.stageAllChanges": "Připravit všechny změny",
	"commands.stageChanges": "Připravit změny",
	"commands.unstageAllChanges": "Zrušit přípravu všech změn",
	"commands.unstageChanges": "Zrušit přípravu změn",
	"commands.keepChanges": "_Zachovat změny",
	"commands.openChanges": "Otevřít změny",
	"commands.openFile": "Otevřít soubor",
	"commands.createPullRequest": "Vytvořit žádost o přijetí změn",
	"commands.createDraftPullRequest": "Vytvořit koncept žádosti o přijetí změn",
	"commands.configureIndexingAllowedRepos": "Konfigurovat indexování úložišť",
	"commands.enableIndexing": "Povolit indexování úložiště",
	"commands.disableIndexingForSession": "Dočasně zakázat indexování",
	"commands.notebook.continueOn": "Pokračovat v práci...",
	"commands.timeline.openDiff": "Otevřít změny",
	"commands.timeline.openOnGitHub": "Otevřít v GitHubu",
	"commands.timeline.openOnAzureRepos": "Otevřít v Azure Repos",
	"commands.timeline.copyCommitId": "Kopírovat ID potvrzení změn",
	"commands.timeline.copyCommitMessage": "Kopírovat zprávu potvrzení",
	"commands.timeline.selectForCompare": "Vybrat pro porovnání",
	"commands.timeline.compareWithSelected": "Porovnat s vybraným",
	"commands.enableDebugLogging": "Povolit protokolování ladění",
	"commands.disableDebugLogging": "Zakázat protokolování ladění",
	"commands.exportDebugInfo": "Exportovat informace o ladění",
	"commands.views.workspaceRepositories.open": "Otevřít pracovní prostor",
	"commands.views.workspaceRepositories.openInNewWindow": "Otevřít pracovní prostor v novém okně",
	"commands.views.workspaceRepositories.openChanges": "Otevřít změny",
	"commands.views.workspaceRepositories.openFile": "Otevřít soubor",
	"commands.views.workspaceRepositories.applyAllChanges": "Použít všechny změny",
	"commands.views.workspaceRepositories.applyChanges": "Použít změny",
	"commands.views.workspaceRepositories.remove": "Odebrat",
	"commands.remoteHelp.getStarted": "Začínáme",
	"commands.category": "Vzdálená úložiště",
	"submenu.branch": "Větev",
	"submenu.changes": "Změny",
	"submenu.commit": "Potvrzení",
	"submenu.patch": "Import/export",
	"submenu.pullRequest": "Žádost o přijetí změn",
	"views.remote.name": "Vzdálená úložiště",
	"viewsWelcome.explorer": "Úložiště nebo žádost o přijetí změn můžete vzdáleně otevřít bez klonování.\r\n[Otevřít vzdálené úložiště](command:remoteHub.openRepository)",
	"viewsWelcome.explorer.web": "Můžete vzdáleně otevřít úložiště nebo žádost o přijetí změn.\r\n[Otevřít vzdálené úložiště](command:remoteHub.openRepository)",
	"viewsWelcome.scm.web": "Můžete vzdáleně otevřít úložiště nebo žádost o přijetí změn.\r\n[Otevřít vzdálené úložiště](command:remoteHub.openRepository)",
	"viewsWelcome.debug": "Funkce Spustit a Ladit nejsou ve webovém editoru k dispozici. Pokud chcete spustit a ladit, musíte pokračovat v prostředí, které umí spouštět kód, například v codespace nebo v místním VS Code.",
	"viewsWelcome.debug.continueOn": "[Pokračovat v práci...](command:remoteHub.continueOn Pokračovat v práci na tomto vzdáleném úložišti jinde)",
	"viewsWelcome.terminal": "Terminály nejsou ve webovém editoru k dispozici. Pokud chcete použít terminál, budete muset pokračovat v prostředí, které umí spouštět kód, například v codespace nebo v místním VS Code.",
	"viewsWelcome.terminal.continueOn": "[Pokračovat v práci...](command:remoteHub.continueOn Pokračovat v práci na tomto vzdáleném úložišti jinde)",
	"viewsWelcome.remoteExplorer": "Tady se zobrazí vaše nedávno otevřená vzdálená úložiště.\r\n[Otevřít vzdálené úložiště](command:remoteHub.openRepository)"
}