{
	"displayName": "원격 리포지토리",
	"description": "원격으로 git 리포지토리 탐색 및 편집",
	"colors.added": "추가된 리소스의 색상",
	"colors.modified": "수정된 리소스의 색상",
	"colors.deleted": "삭제된 리소스의 색상",
	"colors.conflict": "충돌이 있는 리소스의 색상",
	"colors.incomingAdded": "들어오는 추가 리소스의 색상",
	"colors.incomingModified": "들어오는 수정된 리소스의 색상",
	"colors.incomingDeleted": "수신되는 삭제된 리소스의 색상",
	"colors.incomingRenamed": "이름이 변경된 들어오는 리소스의 색상",
	"colors.possibleConflict": "충돌 가능성이 있는 리소스의 색상",
	"colors.workspaceRepositoriesView.hasUncommittedChanges": "커밋되지 않은 변경 내용이 있는 작업 영역 리포지토리의 색상",
	"config.commitDirectlyWarning": "변경 내용이 원격 공급자(예: GitHub)에 직접 커밋될 것이라는 경고를 표시할지 여부를 지정합니다.",
	"config.commitDirectlyWarning.off": "커밋 경고 비활성화",
	"config.commitDirectlyWarning.auto": "첫 번째 커밋까지 경고",
	"config.commitDirectlyWarning.always": "항상 경고",
	"config.logLevel": "_원격 리포지토리_ 출력 채널에 기록할 양(있는 경우)을 지정합니다.",
	"config.logLevel.off": "아무것도 기록하지 않음",
	"config.logLevel.error": "오류만 로그",
	"config.logLevel.warn": "모든 오류 및 경고 로그",
	"config.logLevel.info": "모든 오류, 경고 및 메시지를 기록합니다.",
	"config.logLevel.debug": "디버깅에 유용한 추가 컨텍스트와 함께 모든 오류, 경고 및 메시지를 기록합니다.",
	"config.richNavigation.enabled": "리포지토리가 인덱싱된 경우 풍부한 탐색을 활성화할지 여부를 지정합니다.",
	"config.richNavigation.indexMode": "분기의 기본 인덱스 동작을 제어합니다.",
	"config.richNavigation.indexMode.none": "리치 탐색 인덱스 사용은 브랜치에 대해 비활성화되어 있습니다.",
	"config.richNavigation.indexMode.latest": "분기의 최신 인덱싱된 커밋에서 풍부한 탐색을 활성화합니다. 파일은 읽기 전용입니다.",
	"config.richNavigation.indexMode.tipPlusLatest": "최신 인덱스를 사용하여 현재 커밋에서 풍부한 탐색을 활성화합니다. 파일을 쓸 수 있습니다.",
	"config.staging.enabled": "커밋하기 전에 변경 내용 스테이징을 활성화할지 여부를 지정합니다.",
	"config.staging.smart": "변경 내용이 없는 경우 커밋하기 전에 모든 변경 내용을 자동으로 스테이징할지 여부를 지정합니다.",
	"config.experimental.useDiffMatchPatch": "파일 diff를 생성할 때 성능 향상을 위해 diff-match-patch 라이브러리를 사용할지 여부를 지정합니다.",
	"config.uncommittedChangesOnEntry": "커밋되지 않은 변경 내용이 이미 포함된 작업 영역에 다시 들어갈 때 수행할 작업을 지정합니다.",
	"config.uncommittedChangesOnEntry.none": "프롬프트를 표시하지 않음",
	"config.uncommittedChangesOnEntry.promptIfBehind": "수신 변경 내용과 커밋되지 않은 변경 내용이 있을 때 프롬프트 표시",
	"config.gitProtocol": "리포지토리를 복제하는 데 사용되는 프로토콜 제어",
	"commands.openRepository": "원격 리포지토리 열기...",
	"commands.continueOn.openRepository": "원격 리포지토리 열기...",
	"commands.addRepositoryToWorkspace": "작업 영역에 리포지토리 추가...",
	"commands.continueOn.addRepositoryToWorkspace": "작업 영역에 GitHub 리포지토리 추가...",
	"commands.goToRepository": "리포지토리로 이동",
	"commands.openOnRemote": "GitHub에서 열기",
	"commands.continueOn": "계속 작업...",
	"commands.openOnDesktop": "데스크탑에서 다시 열기",
	"commands.openOnWeb": "Open on the Web",
	"commands.continueEditSession.openOnWeb": "Open on the Web",
	"commands.applyPatch": "변경 내용 가져오기...",
	"commands.exportPatch": "변경 내용 내보내기...",
	"commands.clone": "리포지토리를 로컬로 복제하고 데스크톱에서 열기...",
	"commands.createBranch": "새 분기 만들기...",
	"commands.createBranchFrom": "다음에서 새 분기 만들기...",
	"commands.fetch": "가져오기",
	"commands.pull": "끌어오기",
	"commands.refresh": "새로 고침",
	"commands.switchToBranch": "지점으로 전환...",
	"commands.sync": "동기화(끌어오기 및 푸시)",
	"commands.deleteAllLocalRepositoryData": "모든 리포지토리 인덱스 삭제",
	"commands.deleteLocalRepositoryData": "리포지토리 색인 삭제...",
	"commands.commit": "커밋 및 푸시",
	"commands.commitEmpty": "비어 있는 커밋 및 푸시",
	"commands.discardAllChanges": "모든 변경 내용 취소",
	"commands.discardChanges": "변경 내용을 취소",
	"commands.stageAllChanges": "모든 변경 단계",
	"commands.stageChanges": "변경 내용 스테이징",
	"commands.unstageAllChanges": "모든 변경 내용 언스테이징",
	"commands.unstageChanges": "언스테이지 변경 내용",
	"commands.keepChanges": "변경 내용 유지",
	"commands.openChanges": "변경 내용 열기",
	"commands.openFile": "파일 열기",
	"commands.createPullRequest": "끌어오기 요청 만들기",
	"commands.createDraftPullRequest": "끌어오기 요청 초안 생성",
	"commands.configureIndexingAllowedRepos": "리포지토리 인덱싱 구성",
	"commands.enableIndexing": "리포지토리 인덱싱 활성화",
	"commands.disableIndexingForSession": "일시적으로 인덱싱 비활성화",
	"commands.notebook.continueOn": "계속 작업...",
	"commands.timeline.openDiff": "변경 내용 열기",
	"commands.timeline.openOnGitHub": "GitHub에서 열기",
	"commands.timeline.openOnAzureRepos": "Azure Repos에서 열기",
	"commands.timeline.copyCommitId": "커밋 ID 복사",
	"commands.timeline.copyCommitMessage": "커밋 메시지 복사",
	"commands.timeline.selectForCompare": "비교를 위해 선택",
	"commands.timeline.compareWithSelected": "선택 항목과 비교",
	"commands.enableDebugLogging": "디버그 로깅 활성화",
	"commands.disableDebugLogging": "디버그 로깅 비활성화",
	"commands.exportDebugInfo": "디버그 정보 내보내기",
	"commands.views.workspaceRepositories.open": "작업 영역 열기",
	"commands.views.workspaceRepositories.openInNewWindow": "새 창에서 작업 영역 열기",
	"commands.views.workspaceRepositories.openChanges": "변경 내용 열기",
	"commands.views.workspaceRepositories.openFile": "파일 열기",
	"commands.views.workspaceRepositories.applyAllChanges": "모든 변경 내용 적용",
	"commands.views.workspaceRepositories.applyChanges": "변경 승인",
	"commands.views.workspaceRepositories.remove": "제거",
	"commands.remoteHelp.getStarted": "시작",
	"commands.category": "원격 리포지토리",
	"submenu.branch": "분기",
	"submenu.changes": "변경 내용",
	"submenu.commit": "커밋",
	"submenu.patch": "가져오기/내보내기",
	"submenu.pullRequest": "끌어오기 요청",
	"views.remote.name": "원격 리포지토리",
	"viewsWelcome.explorer": "복제 없이 원격으로 리포지토리를 열거나 요청을 가져올 수 있습니다.\r\n[원격 리포지토리 열기](command:remoteHub.openRepository)",
	"viewsWelcome.explorer.web": "원격으로 리포지토리 또는 끌어오기 요청을 열 수 있습니다.\r\n[원격 리포지토리열기](command:remoteHub.openRepository)",
	"viewsWelcome.scm.web": "원격으로 리포지토리 또는 끌어오기 요청을 열 수 있습니다.\r\n[원격 리포지토리열기](command:remoteHub.openRepository)",
	"viewsWelcome.debug": "웹 편집기에서 실행 및 디버그를 사용할 수 없습니다. 실행 및 디버그하려면 코드 공간 또는 로컬 VS 코드와 같이 코드를 실행할 수 있는 환경에서 계속해야 합니다.",
	"viewsWelcome.debug.continueOn": "[계속 작업...](command:remoteHub.continueOn '다른 곳에서 이 원격 리포지토리에서 계속 작업')",
	"viewsWelcome.terminal": "웹 편집기에서는 터미널을 사용할 수 없습니다. 터미널을 사용하려면 코드 공간 또는 로컬 VS 코드와 같이 코드를 실행할 수 있는 환경에서 계속해야 합니다.",
	"viewsWelcome.terminal.continueOn": "[계속 작업...](command:remoteHub.continueOn '다른 곳에서 이 원격 리포지토리에서 계속 작업')",
	"viewsWelcome.remoteExplorer": "최근에 연 원격 리포지토리가 여기에 표시됩니다.\r\n[원격 리포지토리 열기](command:remoteHub.openRepository)"
}