{
	"displayName": "远程存储库",
	"description": "远程浏览和编辑 git 存储库",
	"colors.added": "已添加资源的颜色",
	"colors.modified": "已修改资源的颜色",
	"colors.deleted": "已删除资源的颜色",
	"colors.conflict": "存在冲突的资源的颜色",
	"colors.incomingAdded": "传入的已添加资源的颜色",
	"colors.incomingModified": "传入修改的资源的颜色",
	"colors.incomingDeleted": "传入的已删除资源的颜色",
	"colors.incomingRenamed": "传入的重命名资源的颜色",
	"colors.possibleConflict": "可能发生冲突的资源的颜色",
	"colors.workspaceRepositoriesView.hasUncommittedChanges": "具有未提交更改的工作区存储库的颜色",
	"config.commitDirectlyWarning": "指定是否显示将更改直接提交到远程提供程序(例如 GitHub)的警告",
	"config.commitDirectlyWarning.off": "禁用提交警告",
	"config.commitDirectlyWarning.auto": "第一次提交前发出警告",
	"config.commitDirectlyWarning.always": "始终发出警告",
	"config.logLevel": "指定要记录到_Remote Repositories_输出通道的量(如果有)",
	"config.logLevel.off": "不记录任何内容",
	"config.logLevel.error": "仅记录错误",
	"config.logLevel.warn": "记录所有错误和警告",
	"config.logLevel.info": "记录所有错误、警告和消息",
	"config.logLevel.debug": "使用可用于调试的额外上下文记录所有错误、警告和消息",
	"config.richNavigation.enabled": "指定在为存储库编制索引时是否启用丰富导航",
	"config.richNavigation.indexMode": "控制分支的默认索引行为。",
	"config.richNavigation.indexMode.none": "对分支禁用使用丰富导航索引",
	"config.richNavigation.indexMode.latest": "对分支的最新索引提交启用丰富导航。文件将为只读。",
	"config.richNavigation.indexMode.tipPlusLatest": "使用最新索引对当前提交启用丰富导航。文件将是可写的。",
	"config.staging.enabled": "指定是否在提交之前启用更改暂存",
	"config.staging.smart": "如果没有的话，请指定在提交前是否自动暂存所有更改",
	"config.experimental.useDiffMatchPatch": "指定在生成文件差异时是否使用 diff-match-patch 库来提高性能。",
	"config.uncommittedChangesOnEntry": "指定重新输入已包含未提交更改的工作区时要执行的操作。",
	"config.uncommittedChangesOnEntry.none": "不显示提示",
	"config.uncommittedChangesOnEntry.promptIfBehind": "当有传入更改和未提交的更改时显示提示",
	"config.gitProtocol": "控制用于克隆存储库的协议",
	"commands.openRepository": "打开远程存储库...",
	"commands.continueOn.openRepository": "打开远程存储库...",
	"commands.addRepositoryToWorkspace": "将存储库添加到工作区...",
	"commands.continueOn.addRepositoryToWorkspace": "将 GitHub 存储库添加到工作区...",
	"commands.goToRepository": "转到存储库",
	"commands.openOnRemote": "在 GitHub 上打开",
	"commands.continueOn": "继续工作...",
	"commands.openOnDesktop": "在桌面上重新打开",
	"commands.openOnWeb": "Open on the Web",
	"commands.continueEditSession.openOnWeb": "Open on the Web",
	"commands.applyPatch": "导入更改...",
	"commands.exportPatch": "导出更改...",
	"commands.clone": "在本地克隆存储库并在桌面上打开...",
	"commands.createBranch": "创建新分支...",
	"commands.createBranchFrom": "从...创建分支",
	"commands.fetch": "抓取",
	"commands.pull": "请求",
	"commands.refresh": "刷新",
	"commands.switchToBranch": "切换到分支...",
	"commands.sync": "同步(拉取和推送)",
	"commands.deleteAllLocalRepositoryData": "删除全部存储库索引",
	"commands.deleteLocalRepositoryData": "删除存储库索引...",
	"commands.commit": "提交和推送",
	"commands.commitEmpty": "提交为空并推送",
	"commands.discardAllChanges": "放弃所有更改",
	"commands.discardChanges": "放弃更改",
	"commands.stageAllChanges": "暂存所有更改",
	"commands.stageChanges": "暂存更改",
	"commands.unstageAllChanges": "取消暂存所有更改",
	"commands.unstageChanges": "取消暂存更改",
	"commands.keepChanges": "保留更改",
	"commands.openChanges": "打开更改",
	"commands.openFile": "打开文件",
	"commands.createPullRequest": "创建拉取请求",
	"commands.createDraftPullRequest": "创建一个草稿拉取请求",
	"commands.configureIndexingAllowedRepos": "配置存储库索引",
	"commands.enableIndexing": "启用存储库索引",
	"commands.disableIndexingForSession": "暂时禁用索引",
	"commands.notebook.continueOn": "继续工作...",
	"commands.timeline.openDiff": "打开更改",
	"commands.timeline.openOnGitHub": "在 GitHub 上打开",
	"commands.timeline.openOnAzureRepos": "在 Azure Repos 打开",
	"commands.timeline.copyCommitId": "复制提交 ID",
	"commands.timeline.copyCommitMessage": "复制提交消息",
	"commands.timeline.selectForCompare": "选择以进行比较",
	"commands.timeline.compareWithSelected": "与已选项目进行比较",
	"commands.enableDebugLogging": "启用调试日志记录",
	"commands.disableDebugLogging": "禁用调试日志记录",
	"commands.exportDebugInfo": "导出调试信息",
	"commands.views.workspaceRepositories.open": "打开工作区",
	"commands.views.workspaceRepositories.openInNewWindow": "在新窗口中打开工作区",
	"commands.views.workspaceRepositories.openChanges": "打开更改",
	"commands.views.workspaceRepositories.openFile": "打开文件",
	"commands.views.workspaceRepositories.applyAllChanges": "应用所有更改",
	"commands.views.workspaceRepositories.applyChanges": "应用更改",
	"commands.views.workspaceRepositories.remove": "删除",
	"commands.remoteHelp.getStarted": "开始",
	"commands.category": "远程存储库",
	"submenu.branch": "分支",
	"submenu.changes": "更改",
	"submenu.commit": "提交",
	"submenu.patch": "导入/导出",
	"submenu.pullRequest": "拉取请求",
	"views.remote.name": "远程存储库",
	"viewsWelcome.explorer": "无需克隆即可远程打开存储库或拉取请求。\r\n[打开远程存储库](command:remoteHub.openRepository)",
	"viewsWelcome.explorer.web": "可以远程打开存储库或拉取请求。\r\n[打开远程存储库](command:remoteHub.openRepository)",
	"viewsWelcome.scm.web": "可以远程打开存储库或拉取请求。\r\n[打开远程存储库](command:remoteHub.openRepository)",
	"viewsWelcome.debug": "运行和调试功能在 Web 编辑器中不可用。若要运行和调试，需要在可运行代码的环境中继续，例如 codespace 或本地 VS Code。",
	"viewsWelcome.debug.continueOn": "[继续处理...](command:remoteHub.continueOn “继续在其他位置处理此远程存储库”)",
	"viewsWelcome.terminal": "终端在 Web 编辑器中不可用。若要使用终端，需要在可运行代码的环境中继续，如 codespace 或本地 VS Code。",
	"viewsWelcome.terminal.continueOn": "[继续处理...](command:remoteHub.continueOn “继续在其他位置处理此远程存储库”)",
	"viewsWelcome.remoteExplorer": "此处显示最近打开的远程存储库。\r\n[打开远程存储库](command:remoteHub.openRepository)"
}