{
	"displayName": "Référentiels distants",
	"description": "Parcourir et modifier à distance les dépôts Git",
	"colors.added": "Couleur des ressources ajoutées",
	"colors.modified": "Couleur des ressources modifiées",
	"colors.deleted": "Couleur des ressources supprimées",
	"colors.conflict": "Couleur pour les ressources avec des conflits",
	"colors.incomingAdded": "Couleur des ressources ajoutées entrantes",
	"colors.incomingModified": "Couleur des ressources modifiées entrantes",
	"colors.incomingDeleted": "Couleur des ressources supprimées entrantes",
	"colors.incomingRenamed": "Couleur des ressources renommées entrantes",
	"colors.possibleConflict": "Couleur des ressources avec des conflits possibles",
	"colors.workspaceRepositoriesView.hasUncommittedChanges": "Couleur des dépôts d’espace de travail qui ont des modifications non validées",
	"config.commitDirectlyWarning": "Spécifie s’il faut afficher un avertissement indiquant que les modifications seront validées directement au fournisseur distant (par exemple, GitHub)",
	"config.commitDirectlyWarning.off": "Désactive l’avertissement de validation",
	"config.commitDirectlyWarning.auto": "Avertit jusqu’à la première validation",
	"config.commitDirectlyWarning.always": "Toujours avertir",
	"config.logLevel": "Spécifie la quantité (le cas échéant) de connexion au canal de sortie _Remote Repositories_",
	"config.logLevel.off": "Ne journalise rien",
	"config.logLevel.error": "Journalise uniquement les erreurs",
	"config.logLevel.warn": "Journalise toutes les erreurs et avertissements",
	"config.logLevel.info": "Journalise l’ensemble des erreurs, avertissements et messages",
	"config.logLevel.debug": "Journalise toutes les erreurs, avertissements et messages avec un contexte supplémentaire utile pour le débogage",
	"config.richNavigation.enabled": "Spécifie s’il faut activer la navigation enrichie si le référentiel est indexé",
	"config.richNavigation.indexMode": "Contrôle le comportement d’index par défaut pour les branches.",
	"config.richNavigation.indexMode.none": "L’utilisation d’un index de navigation enrichie est désactivée pour les branches",
	"config.richNavigation.indexMode.latest": "Active la navigation enrichie sur la dernière validation indexée d’une branche. Les fichiers seront en lecture seule.",
	"config.richNavigation.indexMode.tipPlusLatest": "Active la navigation enrichie sur la validation actuelle à l’aide du dernier index. Les fichiers seront accessibles en écriture.",
	"config.staging.enabled": "Spécifie s’il faut activer la copie intermédiaire des modifications avant la validation",
	"config.staging.smart": "Spécifie s’il faut effectuer automatiquement l’indexation de toutes les modifications, le cas échéant, avant la validation",
	"config.experimental.useDiffMatchPatch": "Spécifie s’il faut utiliser la bibliothèque diff-match-patch pour améliorer les performances lors de la génération des différences de fichier.",
	"config.uncommittedChangesOnEntry": "Spécifie ce qu’il faut faire quand vous entrez à nouveau un espace de travail qui contient déjà des modifications non validées.",
	"config.uncommittedChangesOnEntry.none": "Ne pas afficher d’invite",
	"config.uncommittedChangesOnEntry.promptIfBehind": "Afficher une invite lorsqu’il y a des modifications entrantes, ainsi que des modifications non validées",
	"config.gitProtocol": "Contrôle le protocole utilisé pour cloner un référentiel",
	"commands.openRepository": "Ouvrir le dépôt distant...",
	"commands.continueOn.openRepository": "Ouvrir le dépôt distant...",
	"commands.addRepositoryToWorkspace": "Ajouter un référentiel à l’espace de travail...",
	"commands.continueOn.addRepositoryToWorkspace": "Ajouter GitHub référentiel à l’espace de travail...",
	"commands.goToRepository": "Accéder au dépôt",
	"commands.openOnRemote": "Ouvrir dans GitHub",
	"commands.continueOn": "Continuer à travailler sur...",
	"commands.openOnDesktop": "Rouvrir sur le Bureau",
	"commands.openOnWeb": "Open on the Web",
	"commands.continueEditSession.openOnWeb": "Open on the Web",
	"commands.applyPatch": "Importer les modifications...",
	"commands.exportPatch": "Exporter les modifications...",
	"commands.clone": "Cloner le dépôt localement et l’ouvrir sur le Bureau...",
	"commands.createBranch": "Créez une nouvelle branche...",
	"commands.createBranchFrom": "Créez une nouvelle branche à partir de...",
	"commands.fetch": "Extraire",
	"commands.pull": "Extraction de données (pull)",
	"commands.refresh": "Actualiser",
	"commands.switchToBranch": "Basculer vers la branche...",
	"commands.sync": "Synchronisation (Pull & Push)",
	"commands.deleteAllLocalRepositoryData": "Supprimer tous les index de référentiel",
	"commands.deleteLocalRepositoryData": "Supprimer l’index du référentiel...",
	"commands.commit": "Valider et envoyer (push)",
	"commands.commitEmpty": "Valider vide et envoyer (push)",
	"commands.discardAllChanges": "Ignorer toutes les modifications",
	"commands.discardChanges": "Ignorer les modifications",
	"commands.stageAllChanges": "Mettre en attente toutes les modifications",
	"commands.stageChanges": "Mettre en attente les modifications",
	"commands.unstageAllChanges": "Annuler la mise en attente de toutes les modifications",
	"commands.unstageChanges": "Annuler la mise en attente des modifications",
	"commands.keepChanges": "Conserver les modifications",
	"commands.openChanges": "Ouvrir les changements",
	"commands.openFile": "Ouvrir un fichier",
	"commands.createPullRequest": "Créer une demande de tirage (pull request)",
	"commands.createDraftPullRequest": "Créer un brouillon de demande de tirage",
	"commands.configureIndexingAllowedRepos": "Configurer l’indexation des référentiels",
	"commands.enableIndexing": "Activer l’indexation du référentiel",
	"commands.disableIndexingForSession": "Désactiver temporairement l’indexation",
	"commands.notebook.continueOn": "Continuer à travailler sur...",
	"commands.timeline.openDiff": "Ouvrir les changements",
	"commands.timeline.openOnGitHub": "Ouvrir dans GitHub",
	"commands.timeline.openOnAzureRepos": "Ouvrir sur Azure Repos",
	"commands.timeline.copyCommitId": "Copier l'ID de commit",
	"commands.timeline.copyCommitMessage": "Copiez le message de commit.",
	"commands.timeline.selectForCompare": "Sélectionner pour comparaison",
	"commands.timeline.compareWithSelected": "Comparer avec ce qui est sélectionné",
	"commands.enableDebugLogging": "Activer la journalisation de débogage",
	"commands.disableDebugLogging": "Désactiver la journalisation du débogage",
	"commands.exportDebugInfo": "Exporter les informations de débogage",
	"commands.views.workspaceRepositories.open": "Ouvrir un espace de travail",
	"commands.views.workspaceRepositories.openInNewWindow": "Ouvrir l’espace de travail dans une nouvelle fenêtre",
	"commands.views.workspaceRepositories.openChanges": "Ouvrir les changements",
	"commands.views.workspaceRepositories.openFile": "Ouvrir un fichier",
	"commands.views.workspaceRepositories.applyAllChanges": "Appliquer toutes les modifications",
	"commands.views.workspaceRepositories.applyChanges": "Appliquer les modifications",
	"commands.views.workspaceRepositories.remove": "Supprimer",
	"commands.remoteHelp.getStarted": "Prise en main",
	"commands.category": "Référentiels distants",
	"submenu.branch": "Branche",
	"submenu.changes": "Modifications",
	"submenu.commit": "Valider",
	"submenu.patch": "Import/Export",
	"submenu.pullRequest": "Demande de tirage",
	"views.remote.name": "Référentiels distants",
	"viewsWelcome.explorer": "Vous pouvez ouvrir à distance un dépôt ou une demande de tirage (pull request) sans clonage.\r\n[Open Remote Repository](command:remoteHub.openRepository)",
	"viewsWelcome.explorer.web": "Vous pouvez ouvrir à distance un dépôt ou une demande de tirage (pull request).\r\n[Open Remote Repository](command:remoteHub.openRepository)",
	"viewsWelcome.scm.web": "Vous pouvez ouvrir à distance un dépôt ou une demande de tirage (pull request).\r\n[Open Remote Repository](command:remoteHub.openRepository)",
	"viewsWelcome.debug": "L’exécution et le débogage ne sont pas disponibles dans l’éditeur web. Pour exécuter et déboguer, vous devez continuer dans un environnement qui peut exécuter du code, comme un codespace ou un VS Code local.",
	"viewsWelcome.debug.continueOn": "[Continue Working On...](command:remoteHub.continueOn 'Continuer à travailler sur ce dépôt distant ailleurs')",
	"viewsWelcome.terminal": "Les terminaux ne sont pas disponibles dans l’éditeur web. Pour utiliser le terminal, vous devez continuer dans un environnement qui peut exécuter du code, comme un codespace ou un VS Code local.",
	"viewsWelcome.terminal.continueOn": "[Continue Working On...](command:remoteHub.continueOn 'Continuer à travailler sur ce dépôt distant ailleurs')",
	"viewsWelcome.remoteExplorer": "Vos dépôts distants récemment ouverts s’affichent ici.\r\n[Open Remote Repository](command:remoteHub.openRepository)"
}