<schemalist gettext-domain="gnome-shell-extensions">

  <enum id='org.gnome.shell.extensions.unlockDialogBackground.GDesktopBackgroundStyle'>
    <value nick='none' value='0'/>
    <value nick='wallpaper' value='1'/>
    <value nick='centered' value='2'/>
    <value nick='scaled' value='3'/>
    <value nick='stretched' value='4'/>
    <value nick='zoom' value='5'/>
    <value nick='spanned' value='6'/>
  </enum>
  <enum id='org.gnome.shell.extensions.unlockDialogBackground.GDesktopBackgroundShading'>
    <value nick='solid' value='0'/>
    <value nick='vertical' value='1'/>
    <value nick='horizontal' value='2'/>
  </enum>

  <schema id="org.gnome.shell.extensions.unlockDialogBackground" path="/org/gnome/shell/extensions/unlock-dialog-background/">
    <key name="switch" type="b">
      <default>true</default>
      <summary>Key to switch unlock dialog background extensions</summary>
      <description>
      </description>
    </key>
    <key name="picture-uri" type="s">
      <default>'/path/to/picture'</default>
      <summary>Picture URI</summary>
      <description>
        URI to use for the background image. Note that the backend only supports
        local (file://) URIs.
      </description>
    </key>
    <key name="picture-uri-dark" type="s">
      <default>'/path/to/picture'</default>
      <summary>Picture URI for dark mode</summary>
      <description>
        URI to use for the background image. Note that the backend only supports
        local (file://) URIs.
      </description>
    </key>
    <key name="picture-options" enum="org.gnome.shell.extensions.unlockDialogBackground.GDesktopBackgroundStyle">
      <default>'zoom'</default>
      <summary>Picture Options</summary>
      <description>
        Determines how the image set by wallpaper_filename is rendered.
        Possible values are “none”, “wallpaper”, “centered”, “scaled”,
        “stretched”, “zoom”, “spanned”.
      </description>
    </key>
    <key name="picture-opacity" type="i">
      <range min="0" max="100"/>
      <default>100</default>
      <summary>Picture Opacity</summary>
      <description>
        Opacity with which to draw the background picture.
      </description>
    </key>
    <key name="primary-color" type="s">
      <default>'#023c88'</default>
      <summary>Primary Color</summary>
      <description>
        Left or Top color when drawing gradients, or the solid color.
      </description>
    </key>
    <key name="secondary-color" type="s">
      <default>'#5789ca'</default>
      <summary>Secondary Color</summary>
      <description>
        Right or Bottom color when drawing gradients, not used for solid color.
      </description>
    </key>
    <key name="color-shading-type" enum="org.gnome.shell.extensions.unlockDialogBackground.GDesktopBackgroundShading">
      <default>'solid'</default>
      <summary>Color Shading Type</summary>
      <description>
        How to shade the background color. Possible values are “horizontal”,
        “vertical”, and “solid”.
      </description>
    </key>
    <key name="show-desktop-icons" type="b">
      <default>false</default>
      <summary>Have file manager handle the desktop</summary>
      <description>
        If set to true, then file manager will draw the icons on the desktop.
      </description>
    </key>
  </schema>
</schemalist>
